Ticker,Company,Date,Actual,ARIMA,ETS,Prophet,LSTM,Ensemble
ITC.NS,ITC,2025-03-06,438.09,435.3,435.43,504.86,435.52,439.52
ITC.NS,ITC,2025-03-07,432.15,436.44,435.64,505.06,438.2,441.52
ITC.NS,ITC,2025-03-10,437.68,437.21,435.85,505.43,432.33,437.66
ITC.NS,ITC,2025-03-11,431.63,436.67,436.07,506.65,437.58,441.27
ITC.NS,ITC,2025-03-12,420.94,435.56,436.28,507.63,431.63,437.19
ITC.NS,ITC,2025-03-13,421.66,435.31,436.49,509.2,420.75,429.88
ITC.NS,ITC,2025-03-14,427.02,436.19,436.7,510.16,421.32,430.45
ITC.NS,ITC,2025-03-17,428.59,437.03,436.91,511.11,426.72,434.31
ITC.NS,ITC,2025-03-18,434.49,436.78,437.12,512.56,428.97,435.93
ITC.NS,ITC,2025-03-19,426.23,435.81,437.33,513.36,435.36,440.24
ITC.NS,ITC,2025-03-20,419.52,435.38,437.55,514.31,427.05,434.62
ITC.NS,ITC,2025-03-21,415.46,435.99,437.76,514.25,419.82,429.8
ITC.NS,ITC,2025-03-24,419.97,436.83,437.97,513.89,415.41,426.91
ITC.NS,ITC,2025-03-25,419.14,436.83,438.18,513.93,419.83,429.95
ITC.NS,ITC,2025-03-26,416.46,436.03,438.39,513.43,419.62,429.71
ITC.NS,ITC,2025-03-27,420.99,435.48,438.6,513.41,417.22,428.05
ITC.NS,ITC,2025-03-28,420.43,435.86,438.82,512.86,421.74,431.16
ITC.NS,ITC,2025-03-31,415.63,436.64,439.03,512.6,421.11,430.84
ITC.NS,ITC,2025-04-01,416.67,436.83,439.24,501.58,416.33,427.0
ITC.NS,ITC,2025-04-02,420.97,436.21,439.45,502.29,417.17,427.57
ITC.NS,ITC,2025-04-03,432.17,435.61,439.66,503.8,421.27,430.42
ITC.NS,ITC,2025-04-04,429.22,435.78,439.87,504.89,432.67,438.28
ITC.NS,ITC,2025-04-07,426.11,436.46,440.08,506.11,430.09,436.71
ITC.NS,ITC,2025-04-08,434.46,436.78,440.3,507.99,426.55,434.48
ITC.NS,ITC,2025-04-09,425.32,436.35,440.51,509.33,434.39,439.87
ITC.NS,ITC,2025-04-10,435.11,435.75,440.72,510.91,425.06,433.58
ITC.NS,ITC,2025-04-11,427.31,435.75,440.93,511.58,434.86,440.31
ITC.NS,ITC,2025-04-14,426.77,436.31,441.14,512.03,427.21,435.23
ITC.NS,ITC,2025-04-15,439.13,436.7,441.35,512.95,426.29,434.73
ITC.NS,ITC,2025-04-16,441.68,436.44,441.56,513.34,438.85,443.3
ITC.NS,ITC,2025-04-18,432.33,435.89,441.78,514.15,441.62,445.2
ITC.NS,ITC,2025-04-21,434.45,435.75,441.99,514.28,432.59,439.08
ITC.NS,ITC,2025-04-22,433.75,436.18,442.2,514.42,434.2,440.26
ITC.NS,ITC,2025-04-23,438.53,436.61,442.41,515.18,433.05,439.61
ITC.NS,ITC,2025-04-24,439.86,436.5,442.62,515.39,438.01,443.01
ITC.NS,ITC,2025-04-25,439.46,436.02,442.83,515.83,439.83,444.25
ITC.NS,ITC,2025-04-28,437.23,435.79,443.04,515.23,439.4,443.93
ITC.NS,ITC,2025-04-29,434.32,436.09,443.26,514.19,437.07,442.35
ITC.NS,ITC,2025-04-30,433.47,436.51,443.47,513.3,433.84,440.18
ITC.NS,ITC,2025-05-01,434.96,436.52,443.68,523.28,432.84,440.11
ITC.NS,ITC,2025-05-02,438.44,436.12,443.89,521.51,434.37,441.04
ITC.NS,ITC,2025-05-05,437.15,435.84,444.1,518.79,438.08,443.4
ITC.NS,ITC,2025-05-06,437.8,436.02,444.31,515.98,437.0,442.55
ITC.NS,ITC,2025-05-07,445.26,436.41,444.53,513.93,437.59,442.91
ITC.NS,ITC,2025-05-08,447.57,436.51,444.74,511.74,444.99,447.86
ITC.NS,ITC,2025-05-09,445.21,436.21,444.95,510.47,447.43,449.44
ITC.NS,ITC,2025-05-12,449.52,435.91,445.16,509.08,445.15,447.8
ITC.NS,ITC,2025-05-13,457.04,435.98,445.37,508.32,449.24,450.58
ITC.NS,ITC,2025-05-14,463.34,436.32,445.58,508.79,456.67,455.74
ITC.NS,ITC,2025-05-15,465.49,436.49,445.79,509.37,463.3,460.33
ITC.NS,ITC,2025-05-16,468.78,436.28,446.01,510.81,465.73,462.08
ITC.NS,ITC,2025-05-19,468.18,435.98,446.22,511.85,468.87,464.27
ITC.NS,ITC,2025-05-20,461.63,435.97,446.43,513.04,468.02,463.79
ITC.NS,ITC,2025-05-21,468.71,436.25,446.64,514.89,461.18,459.31
ITC.NS,ITC,2025-05-22,468.11,436.45,446.85,516.24,468.07,464.13
ITC.NS,ITC,2025-05-23,477.8,436.32,447.06,517.88,467.67,463.97
ITC.NS,ITC,2025-05-26,485.5,436.05,447.27,518.64,477.7,470.84
ITC.NS,ITC,2025-05-28,497.35,435.97,447.49,519.2,485.98,476.53
ITC.NS,ITC,2025-05-29,499.56,436.18,447.7,520.21,498.04,484.85
ITC.NS,ITC,2025-05-30,492.06,436.4,447.91,520.62,500.56,486.64
ITC.NS,ITC,2025-06-03,496.36,436.35,448.12,521.36,492.61,481.3
ITC.NS,ITC,2025-06-04,494.66,436.11,448.33,521.35,496.29,483.81
ITC.NS,ITC,2025-06-05,501.54,435.99,448.54,521.36,494.33,482.49
ITC.NS,ITC,2025-06-06,493.3,436.14,448.75,522.08,501.44,487.42
ITC.NS,ITC,2025-06-09,499.79,436.35,448.97,522.5,493.63,482.19
ITC.NS,ITC,2025-06-10,490.21,436.36,449.18,523.55,499.88,486.53
ITC.NS,ITC,2025-06-11,501.92,436.17,449.39,524.12,490.38,480.11
ITC.NS,ITC,2025-06-12,501.0,436.02,449.6,524.87,501.86,487.98
ITC.NS,ITC,2025-06-13,496.56,436.11,449.81,526.42,501.51,487.87
ITC.NS,ITC,2025-06-16,500.11,436.3,450.02,527.61,496.99,484.92
ITC.NS,ITC,2025-06-17,498.88,436.36,450.24,529.22,500.57,487.48
ITC.NS,ITC,2025-06-18,501.37,436.21,450.45,530.02,499.02,486.49
ITC.NS,ITC,2025-06-19,495.93,436.05,450.66,530.6,501.64,488.32
ITC.NS,ITC,2025-06-23,487.55,436.09,450.87,531.53,496.27,484.75
ITC.NS,ITC,2025-06-24,487.18,436.26,451.08,531.69,487.53,478.86
ITC.NS,ITC,2025-06-25,481.54,436.34,451.29,532.0,486.84,478.45
ITC.NS,ITC,2025-06-26,483.79,436.24,451.5,531.4,481.21,474.61
ITC.NS,ITC,2025-06-27,481.47,436.09,451.72,530.68,483.75,476.31
ITC.NS,ITC,2025-06-30,483.82,436.08,451.93,530.62,481.84,475.03
SUNPHARMA.NS,Sun Pharma,2025-03-06,1538.84,1532.37,1534.61,1433.91,1534.73,1520.54
SUNPHARMA.NS,Sun Pharma,2025-03-07,1480.87,1532.35,1535.73,1435.24,1539.82,1524.36
SUNPHARMA.NS,Sun Pharma,2025-03-10,1431.17,1532.37,1535.79,1434.52,1482.26,1484.09
SUNPHARMA.NS,Sun Pharma,2025-03-11,1398.65,1532.36,1537.12,1435.28,1433.38,1450.18
SUNPHARMA.NS,Sun Pharma,2025-03-12,1387.27,1532.37,1536.8,1434.25,1399.53,1426.4
SUNPHARMA.NS,Sun Pharma,2025-03-13,1362.48,1532.36,1538.86,1433.87,1387.37,1418.02
SUNPHARMA.NS,Sun Pharma,2025-03-14,1340.95,1532.37,1539.98,1432.85,1362.96,1400.92
SUNPHARMA.NS,Sun Pharma,2025-03-17,1322.7,1532.36,1540.04,1431.33,1341.53,1385.76
SUNPHARMA.NS,Sun Pharma,2025-03-18,1331.47,1532.37,1541.37,1432.6,1322.74,1372.93
SUNPHARMA.NS,Sun Pharma,2025-03-19,1302.31,1532.36,1541.05,1432.86,1330.6,1378.42
SUNPHARMA.NS,Sun Pharma,2025-03-20,1297.76,1532.37,1543.11,1433.86,1302.05,1358.8
SUNPHARMA.NS,Sun Pharma,2025-03-21,1322.28,1532.36,1544.23,1433.66,1297.2,1355.47
SUNPHARMA.NS,Sun Pharma,2025-03-24,1305.9,1532.37,1544.29,1431.95,1320.24,1371.32
SUNPHARMA.NS,Sun Pharma,2025-03-25,1295.4,1532.36,1545.62,1431.79,1304.83,1360.64
SUNPHARMA.NS,Sun Pharma,2025-03-26,1267.59,1532.37,1545.29,1429.54,1294.68,1353.22
SUNPHARMA.NS,Sun Pharma,2025-03-27,1295.42,1532.36,1547.36,1427.36,1266.49,1333.4
SUNPHARMA.NS,Sun Pharma,2025-03-28,1249.67,1532.37,1548.48,1423.88,1292.95,1351.47
SUNPHARMA.NS,Sun Pharma,2025-03-31,1225.67,1532.36,1548.54,1419.43,1248.63,1319.93
SUNPHARMA.NS,Sun Pharma,2025-04-01,1234.48,1532.37,1549.87,1428.21,1225.35,1305.0
SUNPHARMA.NS,Sun Pharma,2025-04-02,1212.74,1532.36,1549.54,1425.61,1232.8,1309.81
SUNPHARMA.NS,Sun Pharma,2025-04-03,1218.71,1532.37,1551.61,1424.44,1212.09,1295.35
SUNPHARMA.NS,Sun Pharma,2025-04-04,1256.82,1532.36,1552.73,1423.12,1218.63,1299.82
SUNPHARMA.NS,Sun Pharma,2025-04-07,1220.18,1532.37,1552.79,1421.58,1255.9,1325.62
SUNPHARMA.NS,Sun Pharma,2025-04-08,1259.27,1532.36,1554.12,1422.95,1221.51,1301.91
SUNPHARMA.NS,Sun Pharma,2025-04-09,1243.53,1532.37,1553.79,1423.49,1259.76,1328.66
SUNPHARMA.NS,Sun Pharma,2025-04-10,1250.31,1532.36,1555.86,1425.18,1244.21,1318.19
SUNPHARMA.NS,Sun Pharma,2025-04-11,1281.26,1532.37,1556.99,1426.39,1251.69,1323.67
SUNPHARMA.NS,Sun Pharma,2025-04-14,1273.33,1532.36,1557.04,1427.19,1281.44,1344.55
SUNPHARMA.NS,Sun Pharma,2025-04-15,1256.81,1532.37,1558.37,1430.96,1274.58,1340.38
SUNPHARMA.NS,Sun Pharma,2025-04-16,1309.46,1532.36,1558.04,1434.16,1258.98,1329.91
SUNPHARMA.NS,Sun Pharma,2025-04-18,1315.69,1532.37,1560.11,1438.85,1309.32,1365.85
SUNPHARMA.NS,Sun Pharma,2025-04-21,1314.12,1532.36,1561.24,1443.29,1316.06,1371.26
SUNPHARMA.NS,Sun Pharma,2025-04-22,1297.14,1532.37,1561.29,1447.17,1315.87,1371.67
SUNPHARMA.NS,Sun Pharma,2025-04-23,1329.37,1532.36,1562.62,1453.34,1298.78,1360.7
SUNPHARMA.NS,Sun Pharma,2025-04-24,1347.85,1532.37,1562.28,1457.66,1329.38,1382.63
SUNPHARMA.NS,Sun Pharma,2025-04-25,1396.96,1532.36,1564.37,1461.65,1347.53,1396.0
SUNPHARMA.NS,Sun Pharma,2025-04-28,1385.5,1532.37,1565.49,1463.28,1396.15,1430.24
SUNPHARMA.NS,Sun Pharma,2025-04-29,1400.46,1532.36,1565.54,1462.29,1385.7,1422.82
SUNPHARMA.NS,Sun Pharma,2025-04-30,1360.79,1532.37,1566.87,1461.96,1400.37,1433.11
SUNPHARMA.NS,Sun Pharma,2025-05-01,1337.49,1532.36,1566.53,1448.29,1361.08,1403.77
SUNPHARMA.NS,Sun Pharma,2025-05-02,1340.38,1532.37,1568.62,1445.07,1337.98,1387.36
SUNPHARMA.NS,Sun Pharma,2025-05-05,1309.58,1532.36,1569.74,1440.7,1339.65,1388.01
SUNPHARMA.NS,Sun Pharma,2025-05-06,1298.65,1532.37,1569.79,1435.81,1309.86,1366.54
SUNPHARMA.NS,Sun Pharma,2025-05-07,1292.92,1532.36,1571.12,1434.22,1299.39,1359.11
SUNPHARMA.NS,Sun Pharma,2025-05-08,1287.95,1532.37,1570.78,1432.69,1293.19,1354.55
SUNPHARMA.NS,Sun Pharma,2025-05-09,1262.5,1532.36,1572.87,1433.4,1288.59,1351.6
SUNPHARMA.NS,Sun Pharma,2025-05-12,1262.29,1532.37,1573.99,1434.59,1263.93,1334.64
SUNPHARMA.NS,Sun Pharma,2025-05-13,1287.71,1532.36,1574.04,1435.92,1263.2,1334.32
SUNPHARMA.NS,Sun Pharma,2025-05-14,1290.6,1532.37,1575.38,1440.18,1287.63,1352.06
SUNPHARMA.NS,Sun Pharma,2025-05-15,1310.36,1532.36,1575.03,1443.27,1291.43,1355.11
SUNPHARMA.NS,Sun Pharma,2025-05-16,1282.57,1532.37,1577.12,1446.85,1311.29,1369.63
SUNPHARMA.NS,Sun Pharma,2025-05-19,1276.36,1532.36,1578.24,1449.1,1284.26,1351.16
SUNPHARMA.NS,Sun Pharma,2025-05-20,1288.74,1532.37,1578.29,1449.98,1277.79,1346.77
SUNPHARMA.NS,Sun Pharma,2025-05-21,1248.69,1532.36,1579.63,1452.93,1288.94,1355.06
SUNPHARMA.NS,Sun Pharma,2025-05-22,1293.83,1532.37,1579.27,1454.64,1250.21,1328.25
SUNPHARMA.NS,Sun Pharma,2025-05-23,1253.33,1532.36,1581.37,1457.5,1293.82,1359.23
SUNPHARMA.NS,Sun Pharma,2025-05-26,1281.33,1532.37,1582.5,1460.14,1254.51,1332.26
SUNPHARMA.NS,Sun Pharma,2025-05-28,1273.3,1532.36,1582.54,1462.69,1282.46,1352.11
SUNPHARMA.NS,Sun Pharma,2025-05-29,1304.39,1532.37,1583.88,1468.34,1274.39,1347.37
SUNPHARMA.NS,Sun Pharma,2025-05-30,1303.44,1532.36,1583.52,1473.2,1305.57,1369.77
SUNPHARMA.NS,Sun Pharma,2025-06-03,1302.54,1532.36,1585.62,1478.9,1305.02,1370.34
SUNPHARMA.NS,Sun Pharma,2025-06-04,1304.73,1532.36,1586.75,1483.35,1304.81,1370.9
SUNPHARMA.NS,Sun Pharma,2025-06-05,1343.69,1532.36,1586.79,1486.09,1306.53,1372.48
SUNPHARMA.NS,Sun Pharma,2025-06-06,1393.83,1532.36,1588.13,1490.07,1344.2,1399.42
SUNPHARMA.NS,Sun Pharma,2025-06-09,1358.08,1532.36,1587.77,1491.54,1393.41,1433.94
SUNPHARMA.NS,Sun Pharma,2025-06-10,1369.78,1532.36,1589.87,1492.62,1360.12,1411.02
SUNPHARMA.NS,Sun Pharma,2025-06-11,1426.57,1532.36,1591.0,1491.94,1371.06,1418.64
SUNPHARMA.NS,Sun Pharma,2025-06-12,1458.74,1532.36,1591.04,1489.86,1424.79,1455.86
SUNPHARMA.NS,Sun Pharma,2025-06-13,1439.06,1532.36,1592.38,1490.03,1457.3,1478.67
SUNPHARMA.NS,Sun Pharma,2025-06-16,1449.05,1532.36,1592.02,1489.14,1439.55,1466.13
SUNPHARMA.NS,Sun Pharma,2025-06-17,1433.57,1532.36,1594.12,1489.43,1448.4,1472.51
SUNPHARMA.NS,Sun Pharma,2025-06-18,1442.82,1532.36,1595.25,1489.26,1432.42,1461.42
SUNPHARMA.NS,Sun Pharma,2025-06-19,1461.29,1532.36,1595.29,1488.47,1441.39,1467.57
SUNPHARMA.NS,Sun Pharma,2025-06-23,1434.2,1532.36,1596.63,1490.02,1459.17,1480.3
SUNPHARMA.NS,Sun Pharma,2025-06-24,1443.13,1532.36,1596.27,1489.96,1433.67,1462.47
SUNPHARMA.NS,Sun Pharma,2025-06-25,1384.2,1532.36,1598.37,1490.04,1442.16,1468.56
SUNPHARMA.NS,Sun Pharma,2025-06-26,1378.46,1532.36,1599.5,1488.45,1384.48,1428.18
SUNPHARMA.NS,Sun Pharma,2025-06-27,1346.19,1532.36,1599.54,1485.15,1378.41,1423.48
SUNPHARMA.NS,Sun Pharma,2025-06-30,1381.76,1532.36,1600.88,1483.51,1346.07,1400.79
TATAMOTORS.NS,Tata Motors,2025-03-06,560.24,594.42,591.22,715.87,594.2,600.69
TATAMOTORS.NS,Tata Motors,2025-03-07,547.58,595.1,591.5,719.45,560.61,580.25
TATAMOTORS.NS,Tata Motors,2025-03-10,553.84,595.5,591.78,722.01,544.39,570.47
TATAMOTORS.NS,Tata Motors,2025-03-11,549.31,595.74,594.1,725.77,549.2,574.05
TATAMOTORS.NS,Tata Motors,2025-03-12,564.83,595.88,593.67,726.73,548.32,573.52
TATAMOTORS.NS,Tata Motors,2025-03-13,584.95,595.96,593.1,728.85,564.86,583.8
TATAMOTORS.NS,Tata Motors,2025-03-14,588.15,596.01,593.39,730.14,585.41,596.65
TATAMOTORS.NS,Tata Motors,2025-03-17,567.0,596.04,593.66,730.24,591.21,600.29
TATAMOTORS.NS,Tata Motors,2025-03-18,589.01,596.06,595.98,731.44,569.27,587.12
TATAMOTORS.NS,Tata Motors,2025-03-19,563.74,596.07,595.56,729.76,587.22,598.08
TATAMOTORS.NS,Tata Motors,2025-03-20,562.18,596.07,594.98,729.15,563.1,583.03
TATAMOTORS.NS,Tata Motors,2025-03-21,540.4,596.08,595.27,727.62,562.15,582.4
TATAMOTORS.NS,Tata Motors,2025-03-24,560.42,596.08,595.54,724.89,537.31,566.9
TATAMOTORS.NS,Tata Motors,2025-03-25,524.05,596.08,597.87,723.47,557.99,579.98
TATAMOTORS.NS,Tata Motors,2025-03-26,518.31,596.08,597.44,719.66,523.18,558.15
TATAMOTORS.NS,Tata Motors,2025-03-27,506.95,596.08,596.86,717.76,517.18,554.24
TATAMOTORS.NS,Tata Motors,2025-03-28,516.21,596.08,597.15,716.11,502.36,545.01
TATAMOTORS.NS,Tata Motors,2025-03-31,500.92,596.08,597.42,714.64,514.43,552.44
TATAMOTORS.NS,Tata Motors,2025-04-01,511.4,596.08,599.76,677.23,500.41,541.99
TATAMOTORS.NS,Tata Motors,2025-04-02,528.49,596.08,599.33,677.25,511.01,548.49
TATAMOTORS.NS,Tata Motors,2025-04-03,550.61,596.08,598.74,679.88,527.57,558.8
TATAMOTORS.NS,Tata Motors,2025-04-04,555.99,596.08,599.03,682.83,552.99,574.75
TATAMOTORS.NS,Tata Motors,2025-04-07,551.77,596.08,599.3,685.36,559.55,579.0
TATAMOTORS.NS,Tata Motors,2025-04-08,557.74,596.08,601.64,689.37,554.54,576.47
TATAMOTORS.NS,Tata Motors,2025-04-09,536.35,596.08,601.21,690.54,557.88,578.54
TATAMOTORS.NS,Tata Motors,2025-04-10,553.98,596.08,600.62,692.63,536.48,565.32
TATAMOTORS.NS,Tata Motors,2025-04-11,557.76,596.08,600.91,693.58,552.79,575.51
TATAMOTORS.NS,Tata Motors,2025-04-14,539.02,596.08,601.18,693.18,556.92,578.09
TATAMOTORS.NS,Tata Motors,2025-04-15,567.6,596.08,603.53,694.07,541.37,568.86
TATAMOTORS.NS,Tata Motors,2025-04-16,607.51,596.08,603.1,692.67,566.37,584.19
TATAMOTORS.NS,Tata Motors,2025-04-18,614.49,596.08,602.5,693.36,607.69,609.73
TATAMOTORS.NS,Tata Motors,2025-04-21,648.04,596.08,602.79,694.41,620.84,617.97
TATAMOTORS.NS,Tata Motors,2025-04-22,636.09,596.08,603.06,695.58,652.71,637.81
TATAMOTORS.NS,Tata Motors,2025-04-23,634.26,596.08,605.42,699.08,639.62,630.25
TATAMOTORS.NS,Tata Motors,2025-04-24,613.93,596.08,604.98,700.65,636.84,628.56
TATAMOTORS.NS,Tata Motors,2025-04-25,622.21,596.08,604.39,703.8,612.53,613.59
TATAMOTORS.NS,Tata Motors,2025-04-28,616.79,596.08,604.67,705.99,620.22,618.52
TATAMOTORS.NS,Tata Motors,2025-04-29,583.16,596.08,604.94,706.4,615.2,615.48
TATAMOTORS.NS,Tata Motors,2025-04-30,567.82,596.08,607.31,707.02,583.64,596.32
TATAMOTORS.NS,Tata Motors,2025-05-01,569.53,596.08,606.87,742.42,564.39,586.35
TATAMOTORS.NS,Tata Motors,2025-05-02,586.09,596.08,606.27,739.46,564.5,586.16
TATAMOTORS.NS,Tata Motors,2025-05-05,595.43,596.08,606.56,735.14,584.36,598.25
TATAMOTORS.NS,Tata Motors,2025-05-06,594.23,596.08,606.83,729.66,596.75,605.65
TATAMOTORS.NS,Tata Motors,2025-05-07,550.69,596.08,609.19,725.95,596.57,605.68
TATAMOTORS.NS,Tata Motors,2025-05-08,531.78,596.08,608.75,720.64,551.62,577.48
TATAMOTORS.NS,Tata Motors,2025-05-09,507.55,596.08,608.15,718.15,528.02,562.64
TATAMOTORS.NS,Tata Motors,2025-05-12,498.66,596.08,608.44,716.67,501.39,546.12
TATAMOTORS.NS,Tata Motors,2025-05-13,514.76,596.08,608.71,715.86,494.74,541.99
TATAMOTORS.NS,Tata Motors,2025-05-14,506.34,596.08,611.08,717.81,511.42,552.79
TATAMOTORS.NS,Tata Motors,2025-05-15,507.99,596.08,610.64,718.22,506.88,549.93
TATAMOTORS.NS,Tata Motors,2025-05-16,514.25,596.08,610.03,720.63,509.21,551.42
TATAMOTORS.NS,Tata Motors,2025-05-19,523.19,596.08,610.32,722.66,513.68,554.35
TATAMOTORS.NS,Tata Motors,2025-05-20,527.4,596.08,610.59,723.67,524.13,560.91
TATAMOTORS.NS,Tata Motors,2025-05-21,528.76,596.08,612.97,725.87,529.1,564.47
TATAMOTORS.NS,Tata Motors,2025-05-22,536.49,596.08,612.52,725.36,530.4,565.17
TATAMOTORS.NS,Tata Motors,2025-05-23,535.77,596.08,611.91,726.31,537.37,569.46
TATAMOTORS.NS,Tata Motors,2025-05-26,548.17,596.08,612.2,726.97,536.93,569.26
TATAMOTORS.NS,Tata Motors,2025-05-28,562.79,596.08,612.47,727.27,549.25,576.95
TATAMOTORS.NS,Tata Motors,2025-05-29,551.5,596.08,614.85,729.76,564.01,586.58
TATAMOTORS.NS,Tata Motors,2025-05-30,551.84,596.08,614.41,730.58,554.43,580.63
TATAMOTORS.NS,Tata Motors,2025-06-03,542.17,596.08,613.79,733.73,552.82,579.72
TATAMOTORS.NS,Tata Motors,2025-06-04,545.61,596.08,614.08,737.06,541.38,572.87
TATAMOTORS.NS,Tata Motors,2025-06-05,550.4,596.08,614.35,740.02,545.2,575.44
TATAMOTORS.NS,Tata Motors,2025-06-06,545.3,596.08,616.74,744.71,549.98,579.02
TATAMOTORS.NS,Tata Motors,2025-06-09,540.56,596.08,616.29,746.94,546.45,576.89
TATAMOTORS.NS,Tata Motors,2025-06-10,532.17,596.08,615.68,750.51,541.03,573.65
TATAMOTORS.NS,Tata Motors,2025-06-11,535.2,596.08,615.96,753.31,531.61,568.02
TATAMOTORS.NS,Tata Motors,2025-06-12,531.95,596.08,616.23,754.93,534.29,569.81
TATAMOTORS.NS,Tata Motors,2025-06-13,529.42,596.08,618.63,757.69,531.61,568.66
TATAMOTORS.NS,Tata Motors,2025-06-16,519.61,596.08,618.17,757.63,529.76,567.44
TATAMOTORS.NS,Tata Motors,2025-06-17,498.0,596.08,617.56,758.74,519.35,560.97
TATAMOTORS.NS,Tata Motors,2025-06-18,530.69,596.08,617.84,758.98,497.31,547.38
TATAMOTORS.NS,Tata Motors,2025-06-19,509.75,596.08,618.11,757.96,527.97,566.35
TATAMOTORS.NS,Tata Motors,2025-06-23,523.21,596.08,620.52,757.99,510.51,555.9
TATAMOTORS.NS,Tata Motors,2025-06-24,529.11,596.08,620.06,755.11,525.23,564.78
TATAMOTORS.NS,Tata Motors,2025-06-25,530.79,596.08,619.44,753.4,528.21,566.43
TATAMOTORS.NS,Tata Motors,2025-06-26,518.48,596.08,619.72,751.01,533.0,569.31
TATAMOTORS.NS,Tata Motors,2025-06-27,513.11,596.08,619.99,747.86,519.61,560.88
TATAMOTORS.NS,Tata Motors,2025-06-30,508.65,596.08,622.4,746.59,512.63,556.84
ICICIBANK.NS,ICICI Bank,2025-03-06,1249.59,1237.2,1237.4,1397.68,1237.38,1245.16
ICICIBANK.NS,ICICI Bank,2025-03-07,1233.76,1235.44,1237.96,1401.42,1246.74,1251.87
ICICIBANK.NS,ICICI Bank,2025-03-10,1222.39,1235.56,1238.51,1406.33,1234.09,1243.14
ICICIBANK.NS,ICICI Bank,2025-03-11,1205.03,1235.47,1239.07,1412.27,1221.94,1234.79
ICICIBANK.NS,ICICI Bank,2025-03-12,1195.83,1235.48,1239.62,1417.11,1204.62,1222.71
ICICIBANK.NS,ICICI Bank,2025-03-13,1180.26,1235.48,1240.17,1422.02,1195.45,1216.45
ICICIBANK.NS,ICICI Bank,2025-03-14,1178.07,1235.48,1240.73,1424.55,1180.51,1205.95
ICICIBANK.NS,ICICI Bank,2025-03-17,1142.51,1235.48,1241.28,1427.52,1177.87,1204.27
ICICIBANK.NS,ICICI Bank,2025-03-18,1172.15,1235.48,1241.83,1430.54,1143.67,1180.03
ICICIBANK.NS,ICICI Bank,2025-03-19,1151.82,1235.48,1242.39,1431.23,1170.36,1199.21
ICICIBANK.NS,ICICI Bank,2025-03-20,1132.62,1235.48,1242.94,1430.69,1154.11,1187.62
ICICIBANK.NS,ICICI Bank,2025-03-21,1109.17,1235.48,1243.5,1426.69,1132.88,1172.31
ICICIBANK.NS,ICICI Bank,2025-03-24,1118.66,1235.48,1244.05,1422.6,1108.87,1155.01
ICICIBANK.NS,ICICI Bank,2025-03-25,1104.02,1235.48,1244.6,1418.9,1117.9,1161.34
ICICIBANK.NS,ICICI Bank,2025-03-26,1068.82,1235.48,1245.16,1414.3,1105.3,1152.17
ICICIBANK.NS,ICICI Bank,2025-03-27,1064.62,1235.48,1245.71,1410.99,1069.38,1126.39
ICICIBANK.NS,ICICI Bank,2025-03-28,1051.56,1235.48,1246.26,1407.55,1063.04,1121.75
ICICIBANK.NS,ICICI Bank,2025-03-31,1048.18,1235.48,1246.82,1407.72,1051.77,1113.76
ICICIBANK.NS,ICICI Bank,2025-04-01,1051.89,1235.48,1247.37,1361.95,1047.97,1108.87
ICICIBANK.NS,ICICI Bank,2025-04-02,1042.38,1235.48,1247.93,1367.59,1051.73,1111.9
ICICIBANK.NS,ICICI Bank,2025-04-03,1054.31,1235.48,1248.48,1375.58,1042.95,1106.07
ICICIBANK.NS,ICICI Bank,2025-04-04,1075.87,1235.48,1249.03,1382.77,1053.76,1114.21
ICICIBANK.NS,ICICI Bank,2025-04-07,1078.82,1235.48,1249.59,1391.16,1076.12,1130.66
ICICIBANK.NS,ICICI Bank,2025-04-08,1086.06,1235.48,1250.14,1399.59,1080.18,1134.03
ICICIBANK.NS,ICICI Bank,2025-04-09,1072.45,1235.48,1250.69,1405.12,1086.32,1138.75
ICICIBANK.NS,ICICI Bank,2025-04-10,1085.6,1235.48,1251.25,1408.57,1073.39,1129.73
ICICIBANK.NS,ICICI Bank,2025-04-11,1074.69,1235.48,1251.8,1407.65,1085.23,1138.21
ICICIBANK.NS,ICICI Bank,2025-04-14,1072.9,1235.48,1252.36,1405.88,1076.22,1131.74
ICICIBANK.NS,ICICI Bank,2025-04-15,1115.04,1235.48,1252.91,1403.95,1073.37,1129.67
ICICIBANK.NS,ICICI Bank,2025-04-16,1165.25,1235.48,1253.46,1400.73,1114.78,1159.18
ICICIBANK.NS,ICICI Bank,2025-04-18,1168.44,1235.48,1254.02,1398.41,1166.94,1196.41
ICICIBANK.NS,ICICI Bank,2025-04-21,1186.2,1235.48,1254.57,1395.36,1171.27,1199.41
ICICIBANK.NS,ICICI Bank,2025-04-22,1164.03,1235.48,1255.13,1394.94,1185.73,1209.79
ICICIBANK.NS,ICICI Bank,2025-04-23,1176.17,1235.48,1255.68,1396.89,1164.91,1195.06
ICICIBANK.NS,ICICI Bank,2025-04-24,1180.38,1235.48,1256.23,1398.52,1174.72,1202.21
ICICIBANK.NS,ICICI Bank,2025-04-25,1194.02,1235.48,1256.79,1400.27,1180.45,1206.45
ICICIBANK.NS,ICICI Bank,2025-04-28,1196.54,1235.48,1257.34,1398.95,1193.78,1215.97
ICICIBANK.NS,ICICI Bank,2025-04-29,1176.96,1235.48,1257.89,1396.85,1196.56,1217.92
ICICIBANK.NS,ICICI Bank,2025-04-30,1173.87,1235.48,1258.45,1393.44,1177.06,1203.88
ICICIBANK.NS,ICICI Bank,2025-05-01,1162.63,1235.48,1259.0,1436.4,1172.52,1202.78
ICICIBANK.NS,ICICI Bank,2025-05-02,1185.9,1235.48,1259.56,1427.92,1162.48,1195.25
ICICIBANK.NS,ICICI Bank,2025-05-05,1184.11,1235.48,1260.11,1416.37,1184.88,1210.76
ICICIBANK.NS,ICICI Bank,2025-05-06,1212.88,1235.48,1260.66,1405.93,1185.16,1210.51
ICICIBANK.NS,ICICI Bank,2025-05-07,1209.38,1235.48,1261.22,1397.68,1212.11,1229.43
ICICIBANK.NS,ICICI Bank,2025-05-08,1196.44,1235.48,1261.77,1390.5,1210.42,1227.93
ICICIBANK.NS,ICICI Bank,2025-05-09,1178.79,1235.48,1262.32,1386.33,1196.54,1217.87
ICICIBANK.NS,ICICI Bank,2025-05-12,1167.45,1235.48,1262.88,1383.14,1178.4,1204.81
ICICIBANK.NS,ICICI Bank,2025-05-13,1178.76,1235.48,1263.43,1383.8,1167.29,1196.95
ICICIBANK.NS,ICICI Bank,2025-05-14,1153.98,1235.48,1263.99,1387.67,1178.85,1205.47
ICICIBANK.NS,ICICI Bank,2025-05-15,1187.06,1235.48,1264.54,1391.9,1156.22,1189.55
ICICIBANK.NS,ICICI Bank,2025-05-16,1168.84,1235.48,1265.09,1396.96,1186.24,1211.32
ICICIBANK.NS,ICICI Bank,2025-05-19,1167.34,1235.48,1265.65,1399.88,1171.68,1201.11
ICICIBANK.NS,ICICI Bank,2025-05-20,1151.09,1235.48,1266.2,1403.29,1167.76,1198.54
ICICIBANK.NS,ICICI Bank,2025-05-21,1157.49,1235.48,1266.75,1406.94,1152.04,1187.54
ICICIBANK.NS,ICICI Bank,2025-05-22,1163.15,1235.48,1267.31,1408.86,1157.74,1191.76
ICICIBANK.NS,ICICI Bank,2025-05-23,1190.05,1235.48,1267.86,1410.66,1164.31,1196.61
ICICIBANK.NS,ICICI Bank,2025-05-26,1168.32,1235.48,1268.42,1410.51,1190.82,1215.61
ICICIBANK.NS,ICICI Bank,2025-05-28,1188.77,1235.48,1268.97,1411.91,1170.98,1201.56
ICICIBANK.NS,ICICI Bank,2025-05-29,1185.79,1235.48,1269.52,1415.11,1188.17,1214.06
ICICIBANK.NS,ICICI Bank,2025-05-30,1169.58,1235.48,1270.08,1418.18,1187.48,1213.77
ICICIBANK.NS,ICICI Bank,2025-06-03,1178.47,1235.48,1270.63,1422.42,1170.99,1202.26
ICICIBANK.NS,ICICI Bank,2025-06-04,1162.76,1235.48,1271.19,1425.44,1178.29,1207.68
ICICIBANK.NS,ICICI Bank,2025-06-05,1174.55,1235.48,1271.74,1430.12,1164.57,1198.16
ICICIBANK.NS,ICICI Bank,2025-06-06,1153.12,1235.48,1272.29,1436.19,1174.82,1205.84
ICICIBANK.NS,ICICI Bank,2025-06-09,1163.09,1235.48,1272.85,1441.41,1155.27,1192.17
ICICIBANK.NS,ICICI Bank,2025-06-10,1148.91,1235.48,1273.4,1446.96,1163.27,1198.23
ICICIBANK.NS,ICICI Bank,2025-06-11,1180.47,1235.48,1273.95,1450.52,1150.84,1189.57
ICICIBANK.NS,ICICI Bank,2025-06-12,1197.59,1235.48,1274.51,1455.1,1180.54,1211.09
ICICIBANK.NS,ICICI Bank,2025-06-13,1173.19,1235.48,1275.06,1460.53,1199.74,1225.13
ICICIBANK.NS,ICICI Bank,2025-06-16,1170.4,1235.48,1275.62,1464.54,1175.87,1208.32
ICICIBANK.NS,ICICI Bank,2025-06-17,1138.32,1235.48,1276.17,1468.15,1170.19,1204.5
ICICIBANK.NS,ICICI Bank,2025-06-18,1143.09,1235.48,1276.72,1468.78,1139.91,1182.95
ICICIBANK.NS,ICICI Bank,2025-06-19,1131.0,1235.48,1277.28,1469.22,1142.9,1185.17
ICICIBANK.NS,ICICI Bank,2025-06-23,1097.26,1235.48,1277.83,1469.2,1132.7,1177.93
ICICIBANK.NS,ICICI Bank,2025-06-24,1077.75,1235.48,1278.38,1466.68,1098.85,1153.67
ICICIBANK.NS,ICICI Bank,2025-06-25,1040.91,1235.48,1278.94,1463.23,1077.49,1138.29
ICICIBANK.NS,ICICI Bank,2025-06-26,1072.4,1235.48,1279.49,1457.14,1041.68,1112.46
ICICIBANK.NS,ICICI Bank,2025-06-27,1045.01,1235.48,1280.05,1452.29,1070.94,1133.2
ICICIBANK.NS,ICICI Bank,2025-06-30,1052.04,1235.48,1280.6,1449.5,1047.85,1116.62
INFY.NS,Infosys,2025-03-06,2925.96,2941.45,2941.32,2306.53,2951.51,2886.79
INFY.NS,Infosys,2025-03-07,2869.9,2940.82,2951.81,2307.12,2940.48,2880.0
INFY.NS,Infosys,2025-03-10,2850.54,2941.39,2953.5,2309.8,2896.24,2849.75
INFY.NS,Infosys,2025-03-11,2835.55,2940.88,2960.74,2316.02,2872.11,2834.16
INFY.NS,Infosys,2025-03-12,2839.22,2941.33,2956.78,2319.64,2853.74,2821.47
INFY.NS,Infosys,2025-03-13,2796.35,2940.93,2956.53,2316.85,2850.87,2819.13
INFY.NS,Infosys,2025-03-14,2757.84,2941.29,2967.02,2320.74,2819.83,2798.89
INFY.NS,Infosys,2025-03-17,2716.99,2940.97,2968.72,2324.64,2784.22,2774.64
INFY.NS,Infosys,2025-03-18,2807.23,2941.26,2975.96,2329.74,2746.09,2749.31
INFY.NS,Infosys,2025-03-19,2702.44,2941.0,2972.0,2329.98,2795.17,2783.04
INFY.NS,Infosys,2025-03-20,2657.99,2941.23,2971.75,2322.04,2740.7,2744.45
INFY.NS,Infosys,2025-03-21,2605.9,2941.02,2982.24,2319.75,2690.9,2710.51
INFY.NS,Infosys,2025-03-24,2563.07,2941.21,2983.93,2317.27,2640.59,2675.5
INFY.NS,Infosys,2025-03-25,2530.65,2941.04,2991.18,2316.58,2601.61,2648.96
INFY.NS,Infosys,2025-03-26,2497.41,2941.19,2987.22,2312.29,2563.17,2621.53
INFY.NS,Infosys,2025-03-27,2516.23,2941.06,2986.96,2301.5,2529.48,2597.05
INFY.NS,Infosys,2025-03-28,2518.36,2941.18,2997.45,2298.19,2530.35,2598.23
INFY.NS,Infosys,2025-03-31,2510.73,2941.07,2999.15,2296.48,2531.61,2599.07
INFY.NS,Infosys,2025-04-01,2507.98,2941.17,3006.39,2335.71,2525.83,2599.49
INFY.NS,Infosys,2025-04-02,2536.61,2941.08,3002.43,2335.01,2520.74,2595.54
INFY.NS,Infosys,2025-04-03,2588.85,2941.16,3002.18,2328.75,2539.21,2607.75
INFY.NS,Infosys,2025-04-04,2601.4,2941.09,3012.67,2330.61,2579.57,2636.84
INFY.NS,Infosys,2025-04-07,2667.27,2941.15,3014.37,2334.48,2599.86,2651.45
INFY.NS,Infosys,2025-04-08,2713.63,2941.1,3021.61,2341.89,2648.79,2686.75
INFY.NS,Infosys,2025-04-09,2645.07,2941.14,3017.65,2346.91,2695.95,2719.66
INFY.NS,Infosys,2025-04-10,2658.57,2941.1,3017.4,2346.08,2665.67,2698.53
INFY.NS,Infosys,2025-04-11,2632.83,2941.14,3027.89,2352.82,2663.12,2698.31
INFY.NS,Infosys,2025-04-14,2656.2,2941.11,3029.58,2360.68,2648.72,2689.21
INFY.NS,Infosys,2025-04-15,2735.83,2941.14,3036.83,2370.9,2660.64,2699.1
INFY.NS,Infosys,2025-04-16,2789.32,2941.11,3032.87,2377.32,2714.33,2736.67
INFY.NS,Infosys,2025-04-18,2758.47,2941.13,3032.61,2376.39,2768.66,2774.28
INFY.NS,Infosys,2025-04-21,2812.12,2941.11,3043.1,2381.58,2762.79,2771.6
INFY.NS,Infosys,2025-04-22,2884.75,2941.13,3044.8,2386.71,2796.48,2795.64
INFY.NS,Infosys,2025-04-23,2848.8,2941.11,3052.04,2393.45,2859.22,2840.47
INFY.NS,Infosys,2025-04-24,2859.52,2941.13,3048.08,2396.16,2855.94,2838.12
INFY.NS,Infosys,2025-04-25,2839.08,2941.11,3047.83,2391.79,2858.37,2839.37
INFY.NS,Infosys,2025-04-28,2833.96,2941.13,3058.32,2394.27,2848.65,2833.74
INFY.NS,Infosys,2025-04-29,2792.45,2941.12,3060.02,2397.64,2844.44,2831.29
INFY.NS,Infosys,2025-04-30,2733.41,2941.13,3067.26,2403.59,2813.45,2810.96
INFY.NS,Infosys,2025-05-01,2711.37,2941.12,3063.3,2368.71,2765.37,2773.85
INFY.NS,Infosys,2025-05-02,2795.11,2941.13,3063.05,2364.73,2735.09,2752.41
INFY.NS,Infosys,2025-05-05,2783.72,2941.12,3073.54,2367.53,2782.61,2786.58
INFY.NS,Infosys,2025-05-06,2829.4,2941.12,3075.23,2370.8,2789.7,2791.96
INFY.NS,Infosys,2025-05-07,2815.49,2941.12,3082.47,2375.95,2819.04,2813.44
INFY.NS,Infosys,2025-05-08,2824.98,2941.12,3078.52,2377.16,2818.99,2813.2
INFY.NS,Infosys,2025-05-09,2771.8,2941.12,3078.26,2371.24,2828.17,2818.97
INFY.NS,Infosys,2025-05-12,2761.63,2941.12,3088.75,2372.09,2794.16,2796.33
INFY.NS,Infosys,2025-05-13,2826.08,2941.12,3090.45,2373.95,2778.27,2785.61
INFY.NS,Infosys,2025-05-14,2793.65,2941.12,3097.69,2378.75,2815.85,2812.79
INFY.NS,Infosys,2025-05-15,2783.95,2941.12,3093.73,2381.01,2807.6,2806.94
INFY.NS,Infosys,2025-05-16,2735.82,2941.12,3093.48,2377.6,2794.89,2797.77
INFY.NS,Infosys,2025-05-19,2725.17,2941.12,3103.97,2382.19,2759.4,2774.45
INFY.NS,Infosys,2025-05-20,2718.6,2941.12,3105.67,2388.41,2743.93,2764.46
INFY.NS,Infosys,2025-05-21,2669.18,2941.12,3112.91,2397.43,2733.26,2758.53
INFY.NS,Infosys,2025-05-22,2737.37,2941.12,3108.95,2402.91,2697.48,2733.89
INFY.NS,Infosys,2025-05-23,2720.8,2941.12,3108.7,2401.01,2729.51,2755.93
INFY.NS,Infosys,2025-05-26,2724.8,2941.12,3119.19,2404.9,2730.12,2757.61
INFY.NS,Infosys,2025-05-28,2750.22,2941.12,3120.88,2408.16,2731.64,2759.13
INFY.NS,Infosys,2025-05-29,2763.76,2941.12,3128.12,2412.31,2747.03,2770.83
INFY.NS,Infosys,2025-05-30,2723.45,2941.12,3124.17,2411.72,2764.51,2782.57
INFY.NS,Infosys,2025-06-03,2702.18,2941.12,3123.91,2403.52,2741.17,2765.55
INFY.NS,Infosys,2025-06-04,2719.8,2941.12,3134.4,2401.9,2719.35,2751.13
INFY.NS,Infosys,2025-06-05,2728.16,2941.12,3136.1,2401.36,2725.69,2755.63
INFY.NS,Infosys,2025-06-06,2710.77,2941.12,3143.34,2404.0,2734.08,2762.32
INFY.NS,Infosys,2025-06-09,2708.96,2941.12,3139.38,2404.36,2723.1,2754.39
INFY.NS,Infosys,2025-06-10,2678.67,2941.12,3139.13,2399.28,2717.65,2750.1
INFY.NS,Infosys,2025-06-11,2752.69,2941.12,3149.62,2402.31,2697.06,2736.98
INFY.NS,Infosys,2025-06-12,2699.1,2941.12,3151.32,2406.96,2739.83,2767.28
INFY.NS,Infosys,2025-06-13,2645.79,2941.12,3158.56,2414.31,2717.72,2753.25
INFY.NS,Infosys,2025-06-16,2642.44,2941.12,3154.6,2417.97,2673.87,2722.81
INFY.NS,Infosys,2025-06-17,2537.87,2941.12,3154.35,2414.13,2656.83,2710.59
INFY.NS,Infosys,2025-06-18,2564.36,2941.12,3164.84,2416.03,2586.75,2662.99
INFY.NS,Infosys,2025-06-19,2575.31,2941.12,3166.53,2417.3,2578.8,2657.74
INFY.NS,Infosys,2025-06-23,2540.87,2941.12,3173.77,2419.51,2584.27,2662.37
INFY.NS,Infosys,2025-06-24,2489.5,2941.12,3169.82,2416.98,2563.87,2647.62
INFY.NS,Infosys,2025-06-25,2433.17,2941.12,3169.56,2406.76,2518.45,2615.07
INFY.NS,Infosys,2025-06-26,2448.96,2941.12,3180.05,2402.87,2469.45,2581.55
INFY.NS,Infosys,2025-06-27,2410.68,2941.12,3181.75,2399.62,2465.33,2578.51
INFY.NS,Infosys,2025-06-30,2388.8,2941.12,3188.99,2398.97,2438.35,2560.33
MARUTI.NS,Maruti,2025-03-06,12850.65,12710.39,12716.73,11952.23,12682.25,12529.06
MARUTI.NS,Maruti,2025-03-07,12879.29,12715.12,12714.64,11964.15,12845.0,12621.0
MARUTI.NS,Maruti,2025-03-10,12976.21,12711.58,12713.35,11971.06,12867.94,12634.44
MARUTI.NS,Maruti,2025-03-11,12934.93,12714.13,12737.64,12001.2,12990.83,12710.91
MARUTI.NS,Maruti,2025-03-12,12877.54,12712.22,12765.16,12033.01,12926.48,12685.21
MARUTI.NS,Maruti,2025-03-13,12782.72,12713.59,12764.88,12062.37,12876.77,12664.67
MARUTI.NS,Maruti,2025-03-14,12959.56,12712.56,12762.75,12095.01,12774.42,12615.59
MARUTI.NS,Maruti,2025-03-17,12827.55,12713.31,12761.41,12122.48,12961.37,12723.7
MARUTI.NS,Maruti,2025-03-18,13272.09,12712.75,12785.76,12165.08,12826.59,12661.78
MARUTI.NS,Maruti,2025-03-19,12852.19,12713.15,12813.35,12193.89,13287.43,12922.55
MARUTI.NS,Maruti,2025-03-20,12467.66,12712.85,12813.03,12200.28,12835.03,12676.82
MARUTI.NS,Maruti,2025-03-21,12251.59,12713.07,12810.86,12189.98,12485.21,12483.32
MARUTI.NS,Maruti,2025-03-24,12486.95,12712.91,12809.48,12159.75,12216.2,12329.61
MARUTI.NS,Maruti,2025-03-25,11997.5,12713.02,12833.88,12139.58,12504.46,12485.02
MARUTI.NS,Maruti,2025-03-26,12090.82,12712.94,12861.54,12112.98,12013.68,12213.85
MARUTI.NS,Maruti,2025-03-27,11375.88,12713.0,12861.18,12083.76,12119.11,12264.98
MARUTI.NS,Maruti,2025-03-28,11137.59,12712.95,12858.96,12067.22,11353.41,11842.96
MARUTI.NS,Maruti,2025-03-31,10775.15,12712.99,12857.55,12064.39,11179.02,11746.96
MARUTI.NS,Maruti,2025-04-01,11006.78,12712.96,12882.01,11697.72,10764.24,11442.27
MARUTI.NS,Maruti,2025-04-02,11163.66,12712.98,12909.72,11752.26,11060.98,11619.04
MARUTI.NS,Maruti,2025-04-03,11768.74,12712.97,12909.33,11812.79,11189.14,11702.3
MARUTI.NS,Maruti,2025-04-04,11960.85,12712.98,12907.07,11878.69,11820.53,12061.38
MARUTI.NS,Maruti,2025-04-07,11618.52,12712.97,12905.61,11936.22,11970.52,12155.79
MARUTI.NS,Maruti,2025-04-08,11839.51,12712.98,12930.13,12002.65,11635.61,11989.9
MARUTI.NS,Maruti,2025-04-09,11652.44,12712.97,12957.91,12048.84,11822.26,12104.72
MARUTI.NS,Maruti,2025-04-10,12145.73,12712.97,12957.48,12068.43,11634.13,12006.24
MARUTI.NS,Maruti,2025-04-11,12002.14,12712.97,12955.18,12070.96,12177.63,12303.39
MARUTI.NS,Maruti,2025-04-14,11657.43,12712.97,12953.68,12057.14,11983.05,12193.94
MARUTI.NS,Maruti,2025-04-15,12137.27,12712.97,12978.25,12059.53,11676.21,12029.3
MARUTI.NS,Maruti,2025-04-16,12236.33,12712.97,13006.1,12061.73,12105.87,12267.18
MARUTI.NS,Maruti,2025-04-18,12253.9,12712.97,13005.63,12064.62,12226.06,12333.41
MARUTI.NS,Maruti,2025-04-21,12033.45,12712.97,13003.28,12077.8,12277.17,12363.99
MARUTI.NS,Maruti,2025-04-22,11861.73,12712.97,13001.74,12094.9,11998.27,12215.28
MARUTI.NS,Maruti,2025-04-23,11827.34,12712.97,13026.37,12135.96,11843.29,12142.09
MARUTI.NS,Maruti,2025-04-24,11734.81,12712.97,13054.29,12169.51,11808.19,12133.04
MARUTI.NS,Maruti,2025-04-25,11842.39,12712.97,13053.78,12182.41,11729.97,12093.1
MARUTI.NS,Maruti,2025-04-28,11599.74,12712.97,13051.39,12174.67,11842.43,12152.58
MARUTI.NS,Maruti,2025-04-29,11365.22,12712.97,13049.81,12137.07,11588.25,12005.35
MARUTI.NS,Maruti,2025-04-30,11406.75,12712.97,13074.49,12094.44,11363.92,11875.9
MARUTI.NS,Maruti,2025-05-01,11340.27,12712.97,13102.48,12432.11,11388.27,11966.15
MARUTI.NS,Maruti,2025-05-02,11398.37,12712.97,13101.94,12342.45,11340.68,11920.41
MARUTI.NS,Maruti,2025-05-05,11297.98,12712.97,13099.5,12247.72,11408.79,11936.55
MARUTI.NS,Maruti,2025-05-06,11379.61,12712.97,13097.87,12153.21,11289.04,11850.22
MARUTI.NS,Maruti,2025-05-07,11279.67,12712.97,13122.61,12092.79,11381.89,11890.09
MARUTI.NS,Maruti,2025-05-08,11261.77,12712.97,13150.67,12048.36,11268.63,11821.24
MARUTI.NS,Maruti,2025-05-09,11139.33,12712.97,13150.09,12017.19,11265.53,11812.64
MARUTI.NS,Maruti,2025-05-12,11003.96,12712.97,13147.6,12004.78,11126.67,11733.83
MARUTI.NS,Maruti,2025-05-13,11372.93,12712.97,13145.94,12001.56,11003.54,11665.71
MARUTI.NS,Maruti,2025-05-14,11294.61,12712.97,13170.73,12026.46,11370.24,11873.89
MARUTI.NS,Maruti,2025-05-15,11483.48,12712.97,13198.85,12049.34,11291.35,11838.6
MARUTI.NS,Maruti,2025-05-16,11383.76,12712.97,13198.24,12060.56,11496.8,11953.21
MARUTI.NS,Maruti,2025-05-19,11468.57,12712.97,13195.71,12064.79,11351.49,11874.53
MARUTI.NS,Maruti,2025-05-20,11394.58,12712.97,13194.0,12057.18,11467.85,11936.24
MARUTI.NS,Maruti,2025-05-21,11571.67,12712.97,13218.85,12065.2,11368.48,11886.18
MARUTI.NS,Maruti,2025-05-22,11536.2,12712.97,13247.04,12068.64,11567.89,11998.62
MARUTI.NS,Maruti,2025-05-23,11643.65,12712.97,13246.39,12066.62,11515.06,11969.26
MARUTI.NS,Maruti,2025-05-26,11781.77,12712.97,13243.82,12069.36,11638.84,12037.21
MARUTI.NS,Maruti,2025-05-28,11899.02,12712.97,13242.07,12073.36,11757.44,12102.69
MARUTI.NS,Maruti,2025-05-29,11595.99,12712.97,13266.97,12103.34,11890.12,12184.19
MARUTI.NS,Maruti,2025-05-30,11726.54,12712.97,13295.23,12133.48,11576.46,12022.29
MARUTI.NS,Maruti,2025-06-03,11854.69,12712.97,13294.54,12156.3,11709.64,12099.97
MARUTI.NS,Maruti,2025-06-04,11969.37,12712.97,13291.92,12176.52,11826.94,12168.22
MARUTI.NS,Maruti,2025-06-05,11918.16,12712.97,13290.13,12187.75,11977.66,12252.82
MARUTI.NS,Maruti,2025-06-06,12098.21,12712.97,13315.09,12215.26,11902.44,12220.24
MARUTI.NS,Maruti,2025-06-09,12237.87,12712.97,13343.42,12236.9,12084.78,12327.38
MARUTI.NS,Maruti,2025-06-10,11947.27,12712.97,13342.69,12250.75,12220.14,12404.27
MARUTI.NS,Maruti,2025-06-11,12279.33,12712.97,13340.03,12267.12,11941.45,12255.4
MARUTI.NS,Maruti,2025-06-12,12089.76,12712.97,13338.2,12283.41,12267.13,12436.67
MARUTI.NS,Maruti,2025-06-13,12033.92,12712.97,13363.21,12325.41,12062.06,12336.36
MARUTI.NS,Maruti,2025-06-16,12359.33,12712.97,13391.61,12367.76,12050.26,12342.02
MARUTI.NS,Maruti,2025-06-17,12043.86,12712.97,13390.84,12402.17,12331.96,12503.35
MARUTI.NS,Maruti,2025-06-18,12345.97,12712.97,13388.14,12431.0,12042.03,12351.08
MARUTI.NS,Maruti,2025-06-19,12299.78,12712.97,13386.27,12444.28,12355.61,12525.07
MARUTI.NS,Maruti,2025-06-23,11979.2,12712.97,13411.34,12463.31,12266.66,12483.14
MARUTI.NS,Maruti,2025-06-24,11852.61,12712.97,13439.8,12462.74,11996.21,12338.11
MARUTI.NS,Maruti,2025-06-25,11162.14,12712.97,13438.99,12439.44,11829.75,12242.0
MARUTI.NS,Maruti,2025-06-26,11310.74,12712.97,13436.24,12405.49,11146.66,11861.22
MARUTI.NS,Maruti,2025-06-27,11251.94,12712.97,13434.33,12363.37,11327.27,11950.41
MARUTI.NS,Maruti,2025-06-30,11441.9,12712.97,13459.46,12346.79,11241.7,11902.51
DRREDDY.NS,Dr Reddy's,2025-03-06,6116.07,6001.78,5998.61,6806.06,6007.61,6050.24
DRREDDY.NS,Dr Reddy's,2025-03-07,5975.8,5999.54,6000.04,6796.4,6112.62,6117.78
DRREDDY.NS,Dr Reddy's,2025-03-10,5990.59,6000.63,6001.46,6786.05,5985.55,6035.01
DRREDDY.NS,Dr Reddy's,2025-03-11,5924.24,6000.1,6002.89,6777.65,6009.11,6049.96
DRREDDY.NS,Dr Reddy's,2025-03-12,5916.5,6000.36,6004.31,6761.05,5929.26,5997.39
DRREDDY.NS,Dr Reddy's,2025-03-13,5876.05,6000.23,6005.74,6785.2,5919.24,5992.42
DRREDDY.NS,Dr Reddy's,2025-03-14,5826.26,6000.29,6007.16,6795.58,5883.71,5970.13
DRREDDY.NS,Dr Reddy's,2025-03-17,5676.09,6000.26,6008.59,6803.1,5834.7,5938.9
DRREDDY.NS,Dr Reddy's,2025-03-18,5722.66,6000.28,6010.01,6807.14,5690.86,5845.88
DRREDDY.NS,Dr Reddy's,2025-03-19,5456.92,6000.27,6011.44,6795.48,5735.27,5874.27
DRREDDY.NS,Dr Reddy's,2025-03-20,5381.58,6000.28,6012.86,6816.73,5468.52,5702.36
DRREDDY.NS,Dr Reddy's,2025-03-21,5340.62,6000.27,6014.29,6817.84,5403.08,5660.1
DRREDDY.NS,Dr Reddy's,2025-03-24,5520.62,6000.27,6015.71,6812.8,5352.33,5627.05
DRREDDY.NS,Dr Reddy's,2025-03-25,5525.9,6000.27,6017.14,6805.06,5518.64,5734.86
DRREDDY.NS,Dr Reddy's,2025-03-26,5526.3,6000.27,6018.56,6786.6,5528.41,5740.38
DRREDDY.NS,Dr Reddy's,2025-03-27,5635.46,6000.27,6019.99,6809.38,5543.17,5751.44
DRREDDY.NS,Dr Reddy's,2025-03-28,5407.82,6000.27,6021.41,6822.16,5653.7,5824.17
DRREDDY.NS,Dr Reddy's,2025-03-31,5358.66,6000.27,6022.84,6838.68,5425.87,5677.28
DRREDDY.NS,Dr Reddy's,2025-04-01,5451.98,6000.27,6024.26,6487.33,5388.38,5633.41
DRREDDY.NS,Dr Reddy's,2025-04-02,5679.41,6000.27,6025.69,6501.38,5464.71,5683.99
DRREDDY.NS,Dr Reddy's,2025-04-03,5653.18,6000.27,6027.11,6555.15,5677.03,5825.15
DRREDDY.NS,Dr Reddy's,2025-04-04,5670.05,6000.27,6028.54,6592.45,5663.0,5818.32
DRREDDY.NS,Dr Reddy's,2025-04-07,5831.49,6000.27,6029.96,6623.15,5696.06,5841.72
DRREDDY.NS,Dr Reddy's,2025-04-08,5880.76,6000.27,6031.39,6646.26,5848.84,5942.48
DRREDDY.NS,Dr Reddy's,2025-04-09,5707.65,6000.27,6032.81,6649.83,5886.05,5967.05
DRREDDY.NS,Dr Reddy's,2025-04-10,5674.02,6000.27,6034.23,6683.16,5728.68,5866.88
DRREDDY.NS,Dr Reddy's,2025-04-11,5728.82,6000.27,6035.66,6694.05,5701.76,5850.2
DRREDDY.NS,Dr Reddy's,2025-04-14,5703.88,6000.27,6037.08,6697.14,5737.72,5873.93
DRREDDY.NS,Dr Reddy's,2025-04-15,5806.77,6000.27,6038.51,6696.07,5705.75,5853.3
DRREDDY.NS,Dr Reddy's,2025-04-16,5856.19,6000.27,6039.93,6682.43,5816.19,5924.49
DRREDDY.NS,Dr Reddy's,2025-04-18,5705.43,6000.27,6041.36,6707.29,5858.17,5953.36
DRREDDY.NS,Dr Reddy's,2025-04-21,5757.24,6000.27,6042.78,6718.13,5715.06,5861.19
DRREDDY.NS,Dr Reddy's,2025-04-22,5592.17,6000.27,6044.21,6727.41,5771.49,5898.57
DRREDDY.NS,Dr Reddy's,2025-04-23,5401.38,6000.27,6045.63,6735.19,5600.8,5788.31
DRREDDY.NS,Dr Reddy's,2025-04-24,5392.93,6000.27,6047.06,6728.93,5419.51,5670.38
DRREDDY.NS,Dr Reddy's,2025-04-25,5542.84,6000.27,6048.48,6755.89,5408.97,5665.24
DRREDDY.NS,Dr Reddy's,2025-04-28,5434.12,6000.27,6049.91,6760.87,5540.27,5751.02
DRREDDY.NS,Dr Reddy's,2025-04-29,5266.9,6000.27,6051.33,6755.24,5433.96,5681.83
DRREDDY.NS,Dr Reddy's,2025-04-30,5261.93,6000.27,6052.76,6739.81,5290.29,5587.82
DRREDDY.NS,Dr Reddy's,2025-05-01,5175.84,6000.27,6054.18,7077.0,5283.47,5602.52
DRREDDY.NS,Dr Reddy's,2025-05-02,5278.05,6000.27,6055.61,7072.12,5185.52,5538.8
DRREDDY.NS,Dr Reddy's,2025-05-05,5244.12,6000.27,6057.03,7046.4,5288.34,5604.36
DRREDDY.NS,Dr Reddy's,2025-05-06,5319.53,6000.27,6058.46,7014.72,5254.35,5580.7
DRREDDY.NS,Dr Reddy's,2025-05-07,5209.51,6000.27,6059.88,6980.48,5336.0,5632.02
DRREDDY.NS,Dr Reddy's,2025-05-08,5333.92,6000.27,6061.31,6934.89,5229.63,5560.56
DRREDDY.NS,Dr Reddy's,2025-05-09,5300.84,6000.27,6062.73,6928.79,5351.68,5639.71
DRREDDY.NS,Dr Reddy's,2025-05-12,5330.35,6000.27,6064.16,6909.88,5311.54,5612.77
DRREDDY.NS,Dr Reddy's,2025-05-13,5454.55,6000.27,6065.58,6891.45,5346.19,5634.44
DRREDDY.NS,Dr Reddy's,2025-05-14,5223.79,6000.27,6067.01,6875.05,5468.36,5713.1
DRREDDY.NS,Dr Reddy's,2025-05-15,5373.41,6000.27,6068.43,6850.06,5240.89,5564.11
DRREDDY.NS,Dr Reddy's,2025-05-16,5334.38,6000.27,6069.85,6865.76,5399.69,5668.36
DRREDDY.NS,Dr Reddy's,2025-05-19,5273.31,6000.27,6071.28,6868.66,5342.31,5631.44
DRREDDY.NS,Dr Reddy's,2025-05-20,5311.61,6000.27,6072.7,6871.07,5288.39,5596.75
DRREDDY.NS,Dr Reddy's,2025-05-21,5372.54,6000.27,6074.13,6873.68,5331.29,5624.96
DRREDDY.NS,Dr Reddy's,2025-05-22,5454.99,6000.27,6075.55,6864.92,5377.66,5654.8
DRREDDY.NS,Dr Reddy's,2025-05-23,5532.68,6000.27,6076.98,6893.05,5459.96,5710.04
DRREDDY.NS,Dr Reddy's,2025-05-26,5628.04,6000.27,6078.4,6903.46,5542.81,5764.65
DRREDDY.NS,Dr Reddy's,2025-05-28,5725.49,6000.27,6079.83,6907.55,5636.93,5826.23
DRREDDY.NS,Dr Reddy's,2025-05-29,5666.91,6000.27,6081.25,6905.48,5729.91,5886.72
DRREDDY.NS,Dr Reddy's,2025-05-30,5618.42,6000.27,6082.68,6885.97,5675.83,5850.7
DRREDDY.NS,Dr Reddy's,2025-06-03,5725.07,6000.27,6084.1,6898.41,5632.43,5823.39
DRREDDY.NS,Dr Reddy's,2025-06-04,5777.18,6000.27,6085.53,6890.3,5732.14,5887.92
DRREDDY.NS,Dr Reddy's,2025-06-05,5826.63,6000.27,6086.95,6875.8,5773.16,5913.95
DRREDDY.NS,Dr Reddy's,2025-06-06,5765.53,6000.27,6088.38,6858.18,5831.21,5950.88
DRREDDY.NS,Dr Reddy's,2025-06-09,5937.36,6000.27,6089.8,6828.91,5774.92,5912.86
DRREDDY.NS,Dr Reddy's,2025-06-10,5797.41,6000.27,6091.23,6839.29,5944.96,6024.12
DRREDDY.NS,Dr Reddy's,2025-06-11,5940.88,6000.27,6092.65,6837.39,5800.91,5930.63
DRREDDY.NS,Dr Reddy's,2025-06-12,5870.82,6000.27,6094.08,6836.45,5951.94,6028.9
DRREDDY.NS,Dr Reddy's,2025-06-13,5834.63,6000.27,6095.5,6837.32,5878.64,5981.52
DRREDDY.NS,Dr Reddy's,2025-06-16,5780.85,6000.27,6096.93,6828.09,5842.29,5957.58
DRREDDY.NS,Dr Reddy's,2025-06-17,5790.67,6000.27,6098.35,6856.33,5795.67,5929.08
DRREDDY.NS,Dr Reddy's,2025-06-18,5903.6,6000.27,6099.78,6866.88,5797.22,5930.87
DRREDDY.NS,Dr Reddy's,2025-06-19,5976.85,6000.27,6101.2,6870.89,5903.32,6000.23
DRREDDY.NS,Dr Reddy's,2025-06-23,5826.41,6000.27,6102.63,6868.86,5975.09,6046.95
DRREDDY.NS,Dr Reddy's,2025-06-24,5810.1,6000.27,6104.05,6850.35,5839.74,5958.18
DRREDDY.NS,Dr Reddy's,2025-06-25,5812.39,6000.27,6105.47,6866.04,5833.22,5955.01
DRREDDY.NS,Dr Reddy's,2025-06-26,5791.9,6000.27,6106.9,6864.81,5823.41,5948.77
DRREDDY.NS,Dr Reddy's,2025-06-27,5806.3,6000.27,6108.32,6862.0,5800.35,5933.83
DRREDDY.NS,Dr Reddy's,2025-06-30,5961.73,6000.27,6109.75,6861.51,5821.3,5947.62
HDFCBANK.NS,HDFC Bank,2025-03-06,1931.83,1920.88,1919.79,2036.69,1923.22,1931.11
HDFCBANK.NS,HDFC Bank,2025-03-07,1907.04,1921.14,1918.7,2038.01,1933.33,1937.45
HDFCBANK.NS,HDFC Bank,2025-03-10,1920.43,1920.96,1920.44,2041.31,1908.13,1922.08
HDFCBANK.NS,HDFC Bank,2025-03-11,1907.39,1921.08,1920.82,2044.33,1922.88,1931.66
HDFCBANK.NS,HDFC Bank,2025-03-12,1929.75,1921.0,1923.33,2047.96,1907.97,1922.9
HDFCBANK.NS,HDFC Bank,2025-03-13,1929.38,1921.06,1921.99,2049.75,1932.21,1938.1
HDFCBANK.NS,HDFC Bank,2025-03-14,1906.39,1921.01,1920.9,2050.61,1930.27,1936.79
HDFCBANK.NS,HDFC Bank,2025-03-17,1838.92,1921.04,1922.64,2052.73,1908.44,1923.47
HDFCBANK.NS,HDFC Bank,2025-03-18,1853.54,1921.02,1923.02,2053.73,1839.58,1880.3
HDFCBANK.NS,HDFC Bank,2025-03-19,1819.42,1921.04,1925.53,2054.42,1854.53,1890.11
HDFCBANK.NS,HDFC Bank,2025-03-20,1756.97,1921.03,1924.19,2052.37,1818.51,1867.11
HDFCBANK.NS,HDFC Bank,2025-03-21,1719.88,1921.03,1923.1,2048.7,1759.43,1829.53
HDFCBANK.NS,HDFC Bank,2025-03-24,1759.12,1921.03,1924.84,2046.03,1720.98,1805.39
HDFCBANK.NS,HDFC Bank,2025-03-25,1730.42,1921.03,1925.22,2042.62,1760.49,1830.02
HDFCBANK.NS,HDFC Bank,2025-03-26,1718.32,1921.03,1927.73,2040.09,1732.34,1812.47
HDFCBANK.NS,HDFC Bank,2025-03-27,1716.17,1921.03,1926.39,2036.8,1723.31,1806.36
HDFCBANK.NS,HDFC Bank,2025-03-28,1705.33,1921.03,1925.3,2034.5,1718.72,1803.14
HDFCBANK.NS,HDFC Bank,2025-03-31,1726.07,1921.03,1927.04,2036.16,1709.12,1797.47
HDFCBANK.NS,HDFC Bank,2025-04-01,1728.2,1921.03,1927.42,1991.73,1730.34,1807.45
HDFCBANK.NS,HDFC Bank,2025-04-02,1746.53,1921.03,1929.93,1998.53,1731.7,1809.18
HDFCBANK.NS,HDFC Bank,2025-04-03,1747.09,1921.03,1928.59,2005.68,1751.14,1821.76
HDFCBANK.NS,HDFC Bank,2025-04-04,1752.11,1921.03,1927.49,2013.55,1750.26,1821.67
HDFCBANK.NS,HDFC Bank,2025-04-07,1756.22,1921.03,1929.24,2023.63,1755.75,1826.14
HDFCBANK.NS,HDFC Bank,2025-04-08,1793.31,1921.03,1929.62,2032.8,1758.69,1828.75
HDFCBANK.NS,HDFC Bank,2025-04-09,1754.96,1921.03,1932.13,2041.19,1795.92,1853.15
HDFCBANK.NS,HDFC Bank,2025-04-10,1800.88,1921.03,1930.79,2045.87,1756.05,1828.25
HDFCBANK.NS,HDFC Bank,2025-04-11,1765.3,1921.03,1929.69,2047.67,1803.28,1857.94
HDFCBANK.NS,HDFC Bank,2025-04-14,1767.05,1921.03,1931.44,2049.1,1763.1,1833.03
HDFCBANK.NS,HDFC Bank,2025-04-15,1809.85,1921.03,1931.82,2048.48,1768.54,1836.45
HDFCBANK.NS,HDFC Bank,2025-04-16,1839.36,1921.03,1934.33,2047.51,1807.86,1861.45
HDFCBANK.NS,HDFC Bank,2025-04-18,1850.56,1921.03,1932.99,2044.64,1839.08,1880.67
HDFCBANK.NS,HDFC Bank,2025-04-21,1860.08,1921.03,1931.89,2041.57,1851.56,1888.13
HDFCBANK.NS,HDFC Bank,2025-04-22,1851.77,1921.03,1933.64,2041.11,1860.6,1894.02
HDFCBANK.NS,HDFC Bank,2025-04-23,1835.71,1921.03,1934.02,2041.15,1851.81,1888.55
HDFCBANK.NS,HDFC Bank,2025-04-24,1822.61,1921.03,1936.53,2042.39,1835.9,1878.99
HDFCBANK.NS,HDFC Bank,2025-04-25,1822.57,1921.03,1935.19,2041.93,1822.25,1870.19
HDFCBANK.NS,HDFC Bank,2025-04-28,1802.71,1921.03,1934.09,2040.1,1822.14,1869.83
HDFCBANK.NS,HDFC Bank,2025-04-29,1792.87,1921.03,1935.84,2038.58,1802.03,1857.31
HDFCBANK.NS,HDFC Bank,2025-04-30,1805.85,1921.03,1936.22,2034.68,1792.63,1851.15
HDFCBANK.NS,HDFC Bank,2025-05-01,1792.15,1921.03,1938.73,2077.39,1804.87,1862.48
HDFCBANK.NS,HDFC Bank,2025-05-02,1801.94,1921.03,1937.39,2068.25,1791.24,1853.02
HDFCBANK.NS,HDFC Bank,2025-05-05,1795.82,1921.03,1936.29,2057.1,1801.88,1858.7
HDFCBANK.NS,HDFC Bank,2025-05-06,1800.03,1921.03,1938.04,2047.23,1794.33,1853.44
HDFCBANK.NS,HDFC Bank,2025-05-07,1792.08,1921.03,1938.42,2037.56,1799.52,1856.01
HDFCBANK.NS,HDFC Bank,2025-05-08,1782.28,1921.03,1940.93,2030.11,1790.71,1850.25
HDFCBANK.NS,HDFC Bank,2025-05-09,1776.79,1921.03,1939.59,2023.42,1781.28,1843.61
HDFCBANK.NS,HDFC Bank,2025-05-12,1757.06,1921.03,1938.49,2019.06,1775.42,1839.45
HDFCBANK.NS,HDFC Bank,2025-05-13,1822.94,1921.03,1940.24,2019.56,1755.67,1827.31
HDFCBANK.NS,HDFC Bank,2025-05-14,1767.56,1921.03,1940.62,2022.47,1822.45,1869.57
HDFCBANK.NS,HDFC Bank,2025-05-15,1782.46,1921.03,1943.13,2028.21,1765.26,1834.41
HDFCBANK.NS,HDFC Bank,2025-05-16,1773.25,1921.03,1941.78,2033.67,1784.12,1846.5
HDFCBANK.NS,HDFC Bank,2025-05-19,1798.24,1921.03,1940.69,2039.08,1769.67,1837.67
HDFCBANK.NS,HDFC Bank,2025-05-20,1775.06,1921.03,1942.44,2046.09,1798.06,1856.31
HDFCBANK.NS,HDFC Bank,2025-05-21,1791.42,1921.03,1942.82,2051.99,1772.77,1840.91
HDFCBANK.NS,HDFC Bank,2025-05-22,1845.59,1921.03,1945.33,2057.47,1790.79,1853.01
HDFCBANK.NS,HDFC Bank,2025-05-23,1855.43,1921.03,1943.98,2060.17,1843.42,1886.13
HDFCBANK.NS,HDFC Bank,2025-05-26,1858.3,1921.03,1942.89,2061.31,1854.56,1893.07
HDFCBANK.NS,HDFC Bank,2025-05-28,1893.17,1921.03,1944.64,2063.59,1858.64,1896.06
HDFCBANK.NS,HDFC Bank,2025-05-29,1894.98,1921.03,1945.02,2065.18,1892.47,1917.5
HDFCBANK.NS,HDFC Bank,2025-05-30,1873.73,1921.03,1947.53,2067.39,1894.3,1919.17
HDFCBANK.NS,HDFC Bank,2025-06-03,1852.65,1921.03,1946.18,2068.13,1874.23,1906.42
HDFCBANK.NS,HDFC Bank,2025-06-04,1849.16,1921.03,1945.09,2068.61,1851.98,1892.31
HDFCBANK.NS,HDFC Bank,2025-06-05,1864.93,1921.03,1946.84,2071.24,1848.24,1890.41
HDFCBANK.NS,HDFC Bank,2025-06-06,1822.28,1921.03,1947.22,2073.86,1864.47,1900.87
HDFCBANK.NS,HDFC Bank,2025-06-09,1820.6,1921.03,1949.73,2077.38,1821.86,1874.69
HDFCBANK.NS,HDFC Bank,2025-06-10,1797.43,1921.03,1948.38,2079.41,1821.27,1874.29
HDFCBANK.NS,HDFC Bank,2025-06-11,1851.79,1921.03,1947.29,2080.91,1795.72,1858.19
HDFCBANK.NS,HDFC Bank,2025-06-12,1901.85,1921.03,1949.04,2084.18,1852.57,1894.43
HDFCBANK.NS,HDFC Bank,2025-06-13,1895.3,1921.03,1949.42,2086.93,1901.47,1925.45
HDFCBANK.NS,HDFC Bank,2025-06-16,1933.53,1921.03,1951.93,2089.99,1897.04,1923.25
HDFCBANK.NS,HDFC Bank,2025-06-17,1872.88,1921.03,1950.58,2090.83,1935.2,1947.12
HDFCBANK.NS,HDFC Bank,2025-06-18,1900.6,1921.03,1949.49,2090.31,1871.39,1906.8
HDFCBANK.NS,HDFC Bank,2025-06-19,1908.18,1921.03,1951.24,2090.64,1902.12,1926.39
HDFCBANK.NS,HDFC Bank,2025-06-23,1857.8,1921.03,1951.62,2089.55,1905.4,1928.42
HDFCBANK.NS,HDFC Bank,2025-06-24,1844.89,1921.03,1954.13,2088.07,1858.03,1898.87
HDFCBANK.NS,HDFC Bank,2025-06-25,1780.08,1921.03,1952.78,2084.13,1844.35,1889.78
HDFCBANK.NS,HDFC Bank,2025-06-26,1821.86,1921.03,1951.69,2079.21,1777.59,1847.27
HDFCBANK.NS,HDFC Bank,2025-06-27,1792.61,1921.03,1953.44,2076.31,1822.37,1875.45
HDFCBANK.NS,HDFC Bank,2025-06-30,1793.66,1921.03,1953.81,2073.97,1790.29,1855.15
