Date,Ticker,Company,Actual,Predicted,Model
2025-01-07,ITC.NS,ITC,355.42,372.67255008886184,ARIMA
2025-01-08,ITC.NS,ITC,367.91,354.2316478711115,ARIMA
2025-01-09,ITC.NS,ITC,365.0,365.31711977151895,ARIMA
2025-01-10,ITC.NS,ITC,361.25,363.3337832464891,ARIMA
2025-01-13,ITC.NS,ITC,363.82,364.0087886734684,ARIMA
2025-01-14,ITC.NS,ITC,365.56,365.990265335278,ARIMA
2025-01-15,ITC.NS,ITC,362.34,364.0057141312808,ARIMA
2025-01-16,ITC.NS,ITC,368.45,360.02802477049573,ARIMA
2025-01-17,ITC.NS,ITC,377.72,369.07120986170855,ARIMA
2025-01-20,ITC.NS,ITC,386.26,380.1410354653785,ARIMA
2025-01-21,ITC.NS,ITC,383.13,388.0728983799988,ARIMA
2025-01-22,ITC.NS,ITC,384.64,382.7668786936708,ARIMA
2025-01-23,ITC.NS,ITC,382.28,383.80572414889366,ARIMA
2025-01-24,ITC.NS,ITC,384.63,381.6728426493765,ARIMA
2025-01-27,ITC.NS,ITC,383.94,385.3745770315285,ARIMA
2025-01-28,ITC.NS,ITC,371.76,384.4869260780975,ARIMA
2025-01-29,ITC.NS,ITC,371.76,371.03730866031486,ARIMA
2025-01-30,ITC.NS,ITC,381.06,370.674303345312,ARIMA
2025-01-31,ITC.NS,ITC,379.08,380.34806649728705,ARIMA
2025-02-03,ITC.NS,ITC,385.81,379.88911438836317,ARIMA
2025-02-04,ITC.NS,ITC,388.56,388.052069197113,ARIMA
2025-02-05,ITC.NS,ITC,390.45,388.67989027686275,ARIMA
2025-02-06,ITC.NS,ITC,388.89,389.5346288983415,ARIMA
2025-02-07,ITC.NS,ITC,387.18,388.56901285955865,ARIMA
2025-02-10,ITC.NS,ITC,381.04,387.8907102937382,ARIMA
2025-02-11,ITC.NS,ITC,390.92,381.09148844093886,ARIMA
2025-02-12,ITC.NS,ITC,394.02,390.4921614983055,ARIMA
2025-02-13,ITC.NS,ITC,401.98,393.4896404532026,ARIMA
2025-02-14,ITC.NS,ITC,408.96,403.733069308705,ARIMA
2025-02-17,ITC.NS,ITC,406.1,410.82425262370845,ARIMA
2025-02-18,ITC.NS,ITC,416.6,406.26874264005556,ARIMA
2025-02-19,ITC.NS,ITC,413.35,416.1962661529408,ARIMA
2025-02-20,ITC.NS,ITC,412.39,412.70792583504806,ARIMA
2025-02-21,ITC.NS,ITC,408.0,413.5475997698652,ARIMA
2025-02-24,ITC.NS,ITC,405.61,408.2878773185573,ARIMA
2025-02-25,ITC.NS,ITC,406.49,404.52771469217424,ARIMA
2025-02-26,ITC.NS,ITC,420.76,405.301629596652,ARIMA
2025-02-27,ITC.NS,ITC,430.52,421.6286494068785,ARIMA
2025-02-28,ITC.NS,ITC,428.66,432.81446749486395,ARIMA
2025-03-03,ITC.NS,ITC,435.27,430.50726258689775,ARIMA
2025-03-04,ITC.NS,ITC,435.22,435.3251373169115,ARIMA
2025-03-05,ITC.NS,ITC,435.22,433.4967148175278,ARIMA
2025-03-06,ITC.NS,ITC,438.09,435.22844662816834,ARIMA
2025-03-07,ITC.NS,ITC,432.15,439.5453623265596,ARIMA
2025-03-10,ITC.NS,ITC,437.68,432.5406256816043,ARIMA
2025-03-11,ITC.NS,ITC,431.63,437.1162744416784,ARIMA
2025-03-12,ITC.NS,ITC,420.94,430.2154005409687,ARIMA
2025-03-13,ITC.NS,ITC,421.66,420.85566505131794,ARIMA
2025-03-14,ITC.NS,ITC,427.02,421.8341678232746,ARIMA
2025-03-17,ITC.NS,ITC,428.59,426.34205802915864,ARIMA
2025-03-18,ITC.NS,ITC,434.49,428.57395892057184,ARIMA
2025-03-19,ITC.NS,ITC,426.23,435.90478070257467,ARIMA
2025-03-20,ITC.NS,ITC,419.52,426.6587381927434,ARIMA
2025-03-21,ITC.NS,ITC,415.46,418.63967311207244,ARIMA
2025-03-24,ITC.NS,ITC,419.97,413.40818199985426,ARIMA
2025-03-25,ITC.NS,ITC,419.14,419.3231912344206,ARIMA
2025-03-26,ITC.NS,ITC,416.46,420.2436389156076,ARIMA
2025-03-27,ITC.NS,ITC,420.99,417.8511792288536,ARIMA
2025-03-28,ITC.NS,ITC,420.43,420.7124460333886,ARIMA
2025-03-31,ITC.NS,ITC,415.63,418.98104495291403,ARIMA
2025-04-01,ITC.NS,ITC,416.67,415.4807737059444,ARIMA
2025-04-02,ITC.NS,ITC,420.97,417.61170569087113,ARIMA
2025-04-03,ITC.NS,ITC,432.17,421.2440553424671,ARIMA
2025-04-04,ITC.NS,ITC,429.22,432.3544213410608,ARIMA
2025-04-07,ITC.NS,ITC,426.11,429.61443157264085,ARIMA
2025-04-08,ITC.NS,ITC,434.46,427.0919777006187,ARIMA
2025-04-09,ITC.NS,ITC,425.32,434.46234218528576,ARIMA
2025-04-10,ITC.NS,ITC,435.11,423.9671849131733,ARIMA
2025-04-11,ITC.NS,ITC,427.31,435.67966597965693,ARIMA
2025-04-14,ITC.NS,ITC,426.77,427.5338823462475,ARIMA
2025-04-15,ITC.NS,ITC,439.13,427.26733716250624,ARIMA
2025-04-16,ITC.NS,ITC,441.68,438.74542034058896,ARIMA
2025-04-17,ITC.NS,ITC,441.68,441.5641990000509,ARIMA
2025-04-18,ITC.NS,ITC,432.33,443.27313753076186,ARIMA
2025-04-21,ITC.NS,ITC,434.45,432.8347924941865,ARIMA
2025-04-22,ITC.NS,ITC,433.75,432.9931112080857,ARIMA
2025-04-23,ITC.NS,ITC,438.53,431.8523855977313,ARIMA
2025-04-24,ITC.NS,ITC,439.86,439.2506972855577,ARIMA
2025-04-25,ITC.NS,ITC,439.46,441.81600676859574,ARIMA
2025-04-28,ITC.NS,ITC,437.23,440.21566432464545,ARIMA
2025-04-29,ITC.NS,ITC,434.32,436.33543337050475,ARIMA
2025-04-30,ITC.NS,ITC,433.47,432.867746714039,ARIMA
2025-05-01,ITC.NS,ITC,434.96,433.6470410717376,ARIMA
2025-05-02,ITC.NS,ITC,438.44,436.04493111077653,ARIMA
2025-05-05,ITC.NS,ITC,437.15,440.1853265752684,ARIMA
2025-05-06,ITC.NS,ITC,437.8,436.6107741269174,ARIMA
2025-05-07,ITC.NS,ITC,445.26,437.50269289956594,ARIMA
2025-05-08,ITC.NS,ITC,447.57,445.75296103621423,ARIMA
2025-05-09,ITC.NS,ITC,445.21,448.396033014581,ARIMA
2025-05-12,ITC.NS,ITC,449.52,446.76736823125765,ARIMA
2025-05-13,ITC.NS,ITC,457.04,449.3695430720394,ARIMA
2025-05-14,ITC.NS,ITC,463.34,456.6729275630592,ARIMA
2025-05-15,ITC.NS,ITC,465.49,464.18845150793925,ARIMA
2025-05-16,ITC.NS,ITC,468.78,466.0830098045284,ARIMA
2025-05-19,ITC.NS,ITC,468.18,469.9577362306385,ARIMA
2025-05-20,ITC.NS,ITC,461.63,467.30231899553775,ARIMA
2025-05-21,ITC.NS,ITC,468.71,460.6320556703688,ARIMA
2025-05-22,ITC.NS,ITC,468.11,467.6417004785833,ARIMA
2025-05-23,ITC.NS,ITC,477.8,468.591069712038,ARIMA
2025-05-26,ITC.NS,ITC,485.5,478.88234909625885,ARIMA
2025-05-27,ITC.NS,ITC,485.5,485.9903171111546,ARIMA
2025-05-28,ITC.NS,ITC,497.35,486.0215134808189,ARIMA
2025-05-29,ITC.NS,ITC,499.56,498.316177805003,ARIMA
2025-05-30,ITC.NS,ITC,492.06,499.9074271837045,ARIMA
2025-06-02,ITC.NS,ITC,492.06,492.3240441449027,ARIMA
2025-06-03,ITC.NS,ITC,496.36,491.7847184580623,ARIMA
2025-06-04,ITC.NS,ITC,494.66,495.4341683823556,ARIMA
2025-06-05,ITC.NS,ITC,501.54,494.433432983451,ARIMA
2025-06-06,ITC.NS,ITC,493.3,502.9925130915198,ARIMA
2025-06-09,ITC.NS,ITC,499.79,493.53094621894695,ARIMA
2025-06-10,ITC.NS,ITC,490.21,499.91727712776503,ARIMA
2025-06-11,ITC.NS,ITC,501.92,489.77216585966625,ARIMA
2025-06-12,ITC.NS,ITC,501.0,501.72199060665054,ARIMA
2025-06-13,ITC.NS,ITC,496.56,501.78749472120444,ARIMA
2025-06-16,ITC.NS,ITC,500.11,497.4101917414917,ARIMA
2025-06-17,ITC.NS,ITC,498.88,499.6018130745325,ARIMA
2025-06-18,ITC.NS,ITC,501.37,498.33505600880557,ARIMA
2025-06-19,ITC.NS,ITC,495.93,501.09854455151094,ARIMA
2025-06-20,ITC.NS,ITC,495.93,496.8571633368215,ARIMA
2025-06-23,ITC.NS,ITC,487.55,496.1530632898292,ARIMA
2025-06-24,ITC.NS,ITC,487.18,487.14129752901806,ARIMA
2025-06-25,ITC.NS,ITC,481.54,486.3103318578697,ARIMA
2025-06-26,ITC.NS,ITC,483.79,480.84746865662146,ARIMA
2025-06-27,ITC.NS,ITC,481.47,483.87504473797947,ARIMA
2025-06-30,ITC.NS,ITC,483.82,482.0702075062028,ARIMA
2025-01-07,SUNPHARMA.NS,Sun Pharma,1318.19,1345.28,ARIMA
2025-01-08,SUNPHARMA.NS,Sun Pharma,1348.15,1318.19,ARIMA
2025-01-09,SUNPHARMA.NS,Sun Pharma,1352.5,1348.15,ARIMA
2025-01-10,SUNPHARMA.NS,Sun Pharma,1378.03,1352.5,ARIMA
2025-01-13,SUNPHARMA.NS,Sun Pharma,1424.83,1378.03,ARIMA
2025-01-14,SUNPHARMA.NS,Sun Pharma,1402.43,1424.83,ARIMA
2025-01-15,SUNPHARMA.NS,Sun Pharma,1448.84,1402.43,ARIMA
2025-01-16,SUNPHARMA.NS,Sun Pharma,1483.73,1448.84,ARIMA
2025-01-17,SUNPHARMA.NS,Sun Pharma,1462.71,1483.73,ARIMA
2025-01-20,SUNPHARMA.NS,Sun Pharma,1486.74,1462.71,ARIMA
2025-01-21,SUNPHARMA.NS,Sun Pharma,1498.18,1486.74,ARIMA
2025-01-22,SUNPHARMA.NS,Sun Pharma,1494.76,1498.1800000000003,ARIMA
2025-01-23,SUNPHARMA.NS,Sun Pharma,1490.08,1494.76,ARIMA
2025-01-24,SUNPHARMA.NS,Sun Pharma,1490.86,1490.08,ARIMA
2025-01-27,SUNPHARMA.NS,Sun Pharma,1481.41,1490.86,ARIMA
2025-01-28,SUNPHARMA.NS,Sun Pharma,1453.43,1481.41,ARIMA
2025-01-29,SUNPHARMA.NS,Sun Pharma,1453.43,1453.43,ARIMA
2025-01-30,SUNPHARMA.NS,Sun Pharma,1464.43,1453.43,ARIMA
2025-01-31,SUNPHARMA.NS,Sun Pharma,1483.35,1464.43,ARIMA
2025-02-03,SUNPHARMA.NS,Sun Pharma,1480.67,1483.35,ARIMA
2025-02-04,SUNPHARMA.NS,Sun Pharma,1445.77,1480.67,ARIMA
2025-02-05,SUNPHARMA.NS,Sun Pharma,1446.93,1445.77,ARIMA
2025-02-06,SUNPHARMA.NS,Sun Pharma,1426.31,1446.93,ARIMA
2025-02-07,SUNPHARMA.NS,Sun Pharma,1463.22,1426.31,ARIMA
2025-02-10,SUNPHARMA.NS,Sun Pharma,1481.81,1463.22,ARIMA
2025-02-11,SUNPHARMA.NS,Sun Pharma,1478.36,1481.81,ARIMA
2025-02-12,SUNPHARMA.NS,Sun Pharma,1510.76,1478.36,ARIMA
2025-02-13,SUNPHARMA.NS,Sun Pharma,1504.45,1510.76,ARIMA
2025-02-14,SUNPHARMA.NS,Sun Pharma,1496.95,1504.45,ARIMA
2025-02-17,SUNPHARMA.NS,Sun Pharma,1482.73,1496.95,ARIMA
2025-02-18,SUNPHARMA.NS,Sun Pharma,1484.17,1482.73,ARIMA
2025-02-19,SUNPHARMA.NS,Sun Pharma,1490.74,1484.17,ARIMA
2025-02-20,SUNPHARMA.NS,Sun Pharma,1495.37,1490.74,ARIMA
2025-02-21,SUNPHARMA.NS,Sun Pharma,1473.07,1495.37,ARIMA
2025-02-24,SUNPHARMA.NS,Sun Pharma,1460.78,1473.07,ARIMA
2025-02-25,SUNPHARMA.NS,Sun Pharma,1456.65,1460.78,ARIMA
2025-02-26,SUNPHARMA.NS,Sun Pharma,1525.84,1456.65,ARIMA
2025-02-27,SUNPHARMA.NS,Sun Pharma,1547.98,1525.84,ARIMA
2025-02-28,SUNPHARMA.NS,Sun Pharma,1567.29,1547.98,ARIMA
2025-03-03,SUNPHARMA.NS,Sun Pharma,1589.94,1567.29,ARIMA
2025-03-04,SUNPHARMA.NS,Sun Pharma,1532.55,1589.94,ARIMA
2025-03-05,SUNPHARMA.NS,Sun Pharma,1532.55,1532.55,ARIMA
2025-03-06,SUNPHARMA.NS,Sun Pharma,1538.84,1532.55,ARIMA
2025-03-07,SUNPHARMA.NS,Sun Pharma,1480.87,1538.84,ARIMA
2025-03-10,SUNPHARMA.NS,Sun Pharma,1431.17,1480.87,ARIMA
2025-03-11,SUNPHARMA.NS,Sun Pharma,1398.65,1431.17,ARIMA
2025-03-12,SUNPHARMA.NS,Sun Pharma,1387.27,1398.65,ARIMA
2025-03-13,SUNPHARMA.NS,Sun Pharma,1362.48,1387.27,ARIMA
2025-03-14,SUNPHARMA.NS,Sun Pharma,1340.95,1362.48,ARIMA
2025-03-17,SUNPHARMA.NS,Sun Pharma,1322.7,1340.95,ARIMA
2025-03-18,SUNPHARMA.NS,Sun Pharma,1331.47,1322.7,ARIMA
2025-03-19,SUNPHARMA.NS,Sun Pharma,1302.31,1331.47,ARIMA
2025-03-20,SUNPHARMA.NS,Sun Pharma,1297.76,1302.31,ARIMA
2025-03-21,SUNPHARMA.NS,Sun Pharma,1322.28,1297.76,ARIMA
2025-03-24,SUNPHARMA.NS,Sun Pharma,1305.9,1322.28,ARIMA
2025-03-25,SUNPHARMA.NS,Sun Pharma,1295.4,1305.9,ARIMA
2025-03-26,SUNPHARMA.NS,Sun Pharma,1267.59,1295.4,ARIMA
2025-03-27,SUNPHARMA.NS,Sun Pharma,1295.42,1267.59,ARIMA
2025-03-28,SUNPHARMA.NS,Sun Pharma,1249.67,1295.42,ARIMA
2025-03-31,SUNPHARMA.NS,Sun Pharma,1225.67,1249.67,ARIMA
2025-04-01,SUNPHARMA.NS,Sun Pharma,1234.48,1225.67,ARIMA
2025-04-02,SUNPHARMA.NS,Sun Pharma,1212.74,1234.48,ARIMA
2025-04-03,SUNPHARMA.NS,Sun Pharma,1218.71,1212.74,ARIMA
2025-04-04,SUNPHARMA.NS,Sun Pharma,1256.82,1218.71,ARIMA
2025-04-07,SUNPHARMA.NS,Sun Pharma,1220.18,1256.82,ARIMA
2025-04-08,SUNPHARMA.NS,Sun Pharma,1259.27,1220.18,ARIMA
2025-04-09,SUNPHARMA.NS,Sun Pharma,1243.53,1259.27,ARIMA
2025-04-10,SUNPHARMA.NS,Sun Pharma,1250.31,1243.53,ARIMA
2025-04-11,SUNPHARMA.NS,Sun Pharma,1281.26,1250.31,ARIMA
2025-04-14,SUNPHARMA.NS,Sun Pharma,1273.33,1281.26,ARIMA
2025-04-15,SUNPHARMA.NS,Sun Pharma,1256.81,1273.33,ARIMA
2025-04-16,SUNPHARMA.NS,Sun Pharma,1309.46,1256.81,ARIMA
2025-04-17,SUNPHARMA.NS,Sun Pharma,1309.46,1309.46,ARIMA
2025-04-18,SUNPHARMA.NS,Sun Pharma,1315.69,1309.46,ARIMA
2025-04-21,SUNPHARMA.NS,Sun Pharma,1314.12,1315.69,ARIMA
2025-04-22,SUNPHARMA.NS,Sun Pharma,1297.14,1314.12,ARIMA
2025-04-23,SUNPHARMA.NS,Sun Pharma,1329.37,1297.14,ARIMA
2025-04-24,SUNPHARMA.NS,Sun Pharma,1347.85,1329.37,ARIMA
2025-04-25,SUNPHARMA.NS,Sun Pharma,1396.96,1347.85,ARIMA
2025-04-28,SUNPHARMA.NS,Sun Pharma,1385.5,1396.96,ARIMA
2025-04-29,SUNPHARMA.NS,Sun Pharma,1400.46,1385.5,ARIMA
2025-04-30,SUNPHARMA.NS,Sun Pharma,1360.79,1400.46,ARIMA
2025-05-01,SUNPHARMA.NS,Sun Pharma,1337.49,1360.79,ARIMA
2025-05-02,SUNPHARMA.NS,Sun Pharma,1340.38,1337.49,ARIMA
2025-05-05,SUNPHARMA.NS,Sun Pharma,1309.58,1340.38,ARIMA
2025-05-06,SUNPHARMA.NS,Sun Pharma,1298.65,1309.58,ARIMA
2025-05-07,SUNPHARMA.NS,Sun Pharma,1292.92,1298.65,ARIMA
2025-05-08,SUNPHARMA.NS,Sun Pharma,1287.95,1292.92,ARIMA
2025-05-09,SUNPHARMA.NS,Sun Pharma,1262.5,1287.95,ARIMA
2025-05-12,SUNPHARMA.NS,Sun Pharma,1262.29,1262.5,ARIMA
2025-05-13,SUNPHARMA.NS,Sun Pharma,1287.71,1262.29,ARIMA
2025-05-14,SUNPHARMA.NS,Sun Pharma,1290.6,1287.71,ARIMA
2025-05-15,SUNPHARMA.NS,Sun Pharma,1310.36,1290.6,ARIMA
2025-05-16,SUNPHARMA.NS,Sun Pharma,1282.57,1310.36,ARIMA
2025-05-19,SUNPHARMA.NS,Sun Pharma,1276.36,1282.57,ARIMA
2025-05-20,SUNPHARMA.NS,Sun Pharma,1288.74,1276.36,ARIMA
2025-05-21,SUNPHARMA.NS,Sun Pharma,1248.69,1288.74,ARIMA
2025-05-22,SUNPHARMA.NS,Sun Pharma,1293.83,1248.69,ARIMA
2025-05-23,SUNPHARMA.NS,Sun Pharma,1253.33,1293.83,ARIMA
2025-05-26,SUNPHARMA.NS,Sun Pharma,1281.33,1253.33,ARIMA
2025-05-27,SUNPHARMA.NS,Sun Pharma,1281.33,1281.33,ARIMA
2025-05-28,SUNPHARMA.NS,Sun Pharma,1273.3,1281.33,ARIMA
2025-05-29,SUNPHARMA.NS,Sun Pharma,1304.39,1273.3,ARIMA
2025-05-30,SUNPHARMA.NS,Sun Pharma,1303.44,1304.39,ARIMA
2025-06-02,SUNPHARMA.NS,Sun Pharma,1303.44,1303.44,ARIMA
2025-06-03,SUNPHARMA.NS,Sun Pharma,1302.54,1303.44,ARIMA
2025-06-04,SUNPHARMA.NS,Sun Pharma,1304.73,1302.54,ARIMA
2025-06-05,SUNPHARMA.NS,Sun Pharma,1343.69,1304.73,ARIMA
2025-06-06,SUNPHARMA.NS,Sun Pharma,1393.83,1343.69,ARIMA
2025-06-09,SUNPHARMA.NS,Sun Pharma,1358.08,1393.83,ARIMA
2025-06-10,SUNPHARMA.NS,Sun Pharma,1369.78,1358.08,ARIMA
2025-06-11,SUNPHARMA.NS,Sun Pharma,1426.57,1369.78,ARIMA
2025-06-12,SUNPHARMA.NS,Sun Pharma,1458.74,1426.57,ARIMA
2025-06-13,SUNPHARMA.NS,Sun Pharma,1439.06,1458.74,ARIMA
2025-06-16,SUNPHARMA.NS,Sun Pharma,1449.05,1439.06,ARIMA
2025-06-17,SUNPHARMA.NS,Sun Pharma,1433.57,1449.05,ARIMA
2025-06-18,SUNPHARMA.NS,Sun Pharma,1442.82,1433.57,ARIMA
2025-06-19,SUNPHARMA.NS,Sun Pharma,1461.29,1442.82,ARIMA
2025-06-20,SUNPHARMA.NS,Sun Pharma,1461.29,1461.29,ARIMA
2025-06-23,SUNPHARMA.NS,Sun Pharma,1434.2,1461.29,ARIMA
2025-06-24,SUNPHARMA.NS,Sun Pharma,1443.13,1434.2,ARIMA
2025-06-25,SUNPHARMA.NS,Sun Pharma,1384.2,1443.13,ARIMA
2025-06-26,SUNPHARMA.NS,Sun Pharma,1378.46,1384.2,ARIMA
2025-06-27,SUNPHARMA.NS,Sun Pharma,1346.19,1378.46,ARIMA
2025-06-30,SUNPHARMA.NS,Sun Pharma,1381.76,1346.19,ARIMA
2025-01-07,TATAMOTORS.NS,Tata Motors,404.12,447.5098182377012,ARIMA
2025-01-08,TATAMOTORS.NS,Tata Motors,415.0,403.5367336029957,ARIMA
2025-01-09,TATAMOTORS.NS,Tata Motors,413.48,411.9829571413775,ARIMA
2025-01-10,TATAMOTORS.NS,Tata Motors,415.68,408.37359454408636,ARIMA
2025-01-13,TATAMOTORS.NS,Tata Motors,442.03,415.22013654724105,ARIMA
2025-01-14,TATAMOTORS.NS,Tata Motors,455.8,442.8833317288321,ARIMA
2025-01-15,TATAMOTORS.NS,Tata Motors,449.42,460.2735840591868,ARIMA
2025-01-16,TATAMOTORS.NS,Tata Motors,470.54,454.0842466609394,ARIMA
2025-01-17,TATAMOTORS.NS,Tata Motors,473.15,474.10963929091594,ARIMA
2025-01-20,TATAMOTORS.NS,Tata Motors,493.91,473.0754055408367,ARIMA
2025-01-21,TATAMOTORS.NS,Tata Motors,490.12,495.4765547019119,ARIMA
2025-01-22,TATAMOTORS.NS,Tata Motors,490.05,489.73489556066505,ARIMA
2025-01-23,TATAMOTORS.NS,Tata Motors,481.92,492.4724703726998,ARIMA
2025-01-24,TATAMOTORS.NS,Tata Motors,473.42,480.9882238536595,ARIMA
2025-01-27,TATAMOTORS.NS,Tata Motors,452.4,473.4182999205727,ARIMA
2025-01-28,TATAMOTORS.NS,Tata Motors,452.81,449.09384876053826,ARIMA
2025-01-29,TATAMOTORS.NS,Tata Motors,452.81,450.6122964600053,ARIMA
2025-01-30,TATAMOTORS.NS,Tata Motors,467.74,449.20570028900704,ARIMA
2025-01-31,TATAMOTORS.NS,Tata Motors,483.94,468.43961569999345,ARIMA
2025-02-03,TATAMOTORS.NS,Tata Motors,500.15,485.48260502149196,ARIMA
2025-02-04,TATAMOTORS.NS,Tata Motors,487.72,505.3468262801943,ARIMA
2025-02-05,TATAMOTORS.NS,Tata Motors,504.49,491.01061331817857,ARIMA
2025-02-06,TATAMOTORS.NS,Tata Motors,495.79,507.3603671810423,ARIMA
2025-02-07,TATAMOTORS.NS,Tata Motors,502.97,493.98899607340337,ARIMA
2025-02-10,TATAMOTORS.NS,Tata Motors,515.66,503.04552597302785,ARIMA
2025-02-11,TATAMOTORS.NS,Tata Motors,517.64,513.692704427786,ARIMA
2025-02-12,TATAMOTORS.NS,Tata Motors,527.07,519.5309394528282,ARIMA
2025-02-13,TATAMOTORS.NS,Tata Motors,534.46,528.6164453765227,ARIMA
2025-02-14,TATAMOTORS.NS,Tata Motors,535.7,537.0732143898142,ARIMA
2025-02-17,TATAMOTORS.NS,Tata Motors,515.04,537.1201792454871,ARIMA
2025-02-18,TATAMOTORS.NS,Tata Motors,504.97,515.4983311082726,ARIMA
2025-02-19,TATAMOTORS.NS,Tata Motors,499.11,502.9693189913607,ARIMA
2025-02-20,TATAMOTORS.NS,Tata Motors,499.86,495.2630072665334,ARIMA
2025-02-21,TATAMOTORS.NS,Tata Motors,509.01,497.0743299937191,ARIMA
2025-02-24,TATAMOTORS.NS,Tata Motors,529.93,508.2105508606689,ARIMA
2025-02-25,TATAMOTORS.NS,Tata Motors,522.31,532.1457818108382,ARIMA
2025-02-26,TATAMOTORS.NS,Tata Motors,544.47,525.597738598771,ARIMA
2025-02-27,TATAMOTORS.NS,Tata Motors,570.51,548.4604314322823,ARIMA
2025-02-28,TATAMOTORS.NS,Tata Motors,589.07,572.159410729435,ARIMA
2025-03-03,TATAMOTORS.NS,Tata Motors,596.22,593.008805405978,ARIMA
2025-03-04,TATAMOTORS.NS,Tata Motors,591.79,599.344701336726,ARIMA
2025-03-05,TATAMOTORS.NS,Tata Motors,591.79,594.6625540890003,ARIMA
2025-03-06,TATAMOTORS.NS,Tata Motors,560.24,591.7610214987174,ARIMA
2025-03-07,TATAMOTORS.NS,Tata Motors,547.58,557.8578022806219,ARIMA
2025-03-10,TATAMOTORS.NS,Tata Motors,553.84,543.557256197463,ARIMA
2025-03-11,TATAMOTORS.NS,Tata Motors,549.31,548.7730328609546,ARIMA
2025-03-12,TATAMOTORS.NS,Tata Motors,564.83,547.2109010709515,ARIMA
2025-03-13,TATAMOTORS.NS,Tata Motors,584.95,566.1201380527228,ARIMA
2025-03-14,TATAMOTORS.NS,Tata Motors,588.15,588.3863272141816,ARIMA
2025-03-17,TATAMOTORS.NS,Tata Motors,567.0,592.9030399423349,ARIMA
2025-03-18,TATAMOTORS.NS,Tata Motors,589.01,569.4220593999922,ARIMA
2025-03-19,TATAMOTORS.NS,Tata Motors,563.74,589.1228649002743,ARIMA
2025-03-20,TATAMOTORS.NS,Tata Motors,562.18,560.1248905228257,ARIMA
2025-03-21,TATAMOTORS.NS,Tata Motors,540.4,561.1286711011286,ARIMA
2025-03-24,TATAMOTORS.NS,Tata Motors,560.42,536.0041439423094,ARIMA
2025-03-25,TATAMOTORS.NS,Tata Motors,524.05,560.225522601095,ARIMA
2025-03-26,TATAMOTORS.NS,Tata Motors,518.31,521.9966145908295,ARIMA
2025-03-27,TATAMOTORS.NS,Tata Motors,506.95,519.3162475128938,ARIMA
2025-03-28,TATAMOTORS.NS,Tata Motors,516.21,502.8769117186193,ARIMA
2025-03-31,TATAMOTORS.NS,Tata Motors,500.92,515.4225683155435,ARIMA
2025-04-01,TATAMOTORS.NS,Tata Motors,511.4,498.7515838978534,ARIMA
2025-04-02,TATAMOTORS.NS,Tata Motors,528.49,512.5103477636501,ARIMA
2025-04-03,TATAMOTORS.NS,Tata Motors,550.61,528.3944874222291,ARIMA
2025-04-04,TATAMOTORS.NS,Tata Motors,555.99,554.5040460118591,ARIMA
2025-04-07,TATAMOTORS.NS,Tata Motors,551.77,559.5113433723724,ARIMA
2025-04-08,TATAMOTORS.NS,Tata Motors,557.74,555.6416183718684,ARIMA
2025-04-09,TATAMOTORS.NS,Tata Motors,536.35,557.8284776209392,ARIMA
2025-04-10,TATAMOTORS.NS,Tata Motors,553.98,535.0578489520457,ARIMA
2025-04-11,TATAMOTORS.NS,Tata Motors,557.76,551.2337603317404,ARIMA
2025-04-14,TATAMOTORS.NS,Tata Motors,539.02,556.2732684501458,ARIMA
2025-04-15,TATAMOTORS.NS,Tata Motors,567.6,540.121778422253,ARIMA
2025-04-16,TATAMOTORS.NS,Tata Motors,607.51,568.4973790920573,ARIMA
2025-04-17,TATAMOTORS.NS,Tata Motors,607.51,609.8505629020306,ARIMA
2025-04-18,TATAMOTORS.NS,Tata Motors,614.49,612.8668755885585,ARIMA
2025-04-21,TATAMOTORS.NS,Tata Motors,648.04,619.5854833428524,ARIMA
2025-04-22,TATAMOTORS.NS,Tata Motors,636.09,650.4426230102733,ARIMA
2025-04-23,TATAMOTORS.NS,Tata Motors,634.26,637.5346140102001,ARIMA
2025-04-24,TATAMOTORS.NS,Tata Motors,613.93,635.0288393111573,ARIMA
2025-04-25,TATAMOTORS.NS,Tata Motors,622.21,611.4056580333981,ARIMA
2025-04-28,TATAMOTORS.NS,Tata Motors,616.79,619.7813059841799,ARIMA
2025-04-29,TATAMOTORS.NS,Tata Motors,583.16,613.8696486890232,ARIMA
2025-04-30,TATAMOTORS.NS,Tata Motors,567.82,582.9953543890734,ARIMA
2025-05-01,TATAMOTORS.NS,Tata Motors,569.53,565.2831003086516,ARIMA
2025-05-02,TATAMOTORS.NS,Tata Motors,586.09,566.1465055403648,ARIMA
2025-05-05,TATAMOTORS.NS,Tata Motors,595.43,583.9802566901615,ARIMA
2025-05-06,TATAMOTORS.NS,Tata Motors,594.23,596.9216976299839,ARIMA
2025-05-07,TATAMOTORS.NS,Tata Motors,550.69,597.8957204714137,ARIMA
2025-05-08,TATAMOTORS.NS,Tata Motors,531.78,552.5015641268892,ARIMA
2025-05-09,TATAMOTORS.NS,Tata Motors,507.55,529.158205292912,ARIMA
2025-05-12,TATAMOTORS.NS,Tata Motors,498.66,499.70616717259725,ARIMA
2025-05-13,TATAMOTORS.NS,Tata Motors,514.76,491.8823056302929,ARIMA
2025-05-14,TATAMOTORS.NS,Tata Motors,506.34,510.9364000610779,ARIMA
2025-05-15,TATAMOTORS.NS,Tata Motors,507.99,507.67064386058263,ARIMA
2025-05-16,TATAMOTORS.NS,Tata Motors,514.25,511.66309548182153,ARIMA
2025-05-19,TATAMOTORS.NS,Tata Motors,523.19,517.0911895042241,ARIMA
2025-05-20,TATAMOTORS.NS,Tata Motors,527.4,524.9831792041376,ARIMA
2025-05-21,TATAMOTORS.NS,Tata Motors,528.76,527.8029434303064,ARIMA
2025-05-22,TATAMOTORS.NS,Tata Motors,536.49,528.732457136126,ARIMA
2025-05-23,TATAMOTORS.NS,Tata Motors,535.77,536.3510694563497,ARIMA
2025-05-26,TATAMOTORS.NS,Tata Motors,548.17,536.0357040218408,ARIMA
2025-05-27,TATAMOTORS.NS,Tata Motors,548.17,549.2417346462101,ARIMA
2025-05-28,TATAMOTORS.NS,Tata Motors,562.79,549.1885698044197,ARIMA
2025-05-29,TATAMOTORS.NS,Tata Motors,551.5,564.6820182340564,ARIMA
2025-05-30,TATAMOTORS.NS,Tata Motors,551.84,552.1164824813742,ARIMA
2025-06-02,TATAMOTORS.NS,Tata Motors,551.84,552.4885577353479,ARIMA
2025-06-03,TATAMOTORS.NS,Tata Motors,542.17,550.2556254953528,ARIMA
2025-06-04,TATAMOTORS.NS,Tata Motors,545.61,541.3335203414243,ARIMA
2025-06-05,TATAMOTORS.NS,Tata Motors,550.4,544.2556264491808,ARIMA
2025-06-06,TATAMOTORS.NS,Tata Motors,545.3,550.2375032407268,ARIMA
2025-06-09,TATAMOTORS.NS,Tata Motors,540.56,545.7723483115761,ARIMA
2025-06-10,TATAMOTORS.NS,Tata Motors,532.17,541.2816889633914,ARIMA
2025-06-11,TATAMOTORS.NS,Tata Motors,535.2,531.5434813010149,ARIMA
2025-06-12,TATAMOTORS.NS,Tata Motors,531.95,534.1894392400729,ARIMA
2025-06-13,TATAMOTORS.NS,Tata Motors,529.42,530.5524416413724,ARIMA
2025-06-16,TATAMOTORS.NS,Tata Motors,519.61,529.1579145712585,ARIMA
2025-06-17,TATAMOTORS.NS,Tata Motors,498.0,518.9868917677107,ARIMA
2025-06-18,TATAMOTORS.NS,Tata Motors,530.69,496.9791834059162,ARIMA
2025-06-19,TATAMOTORS.NS,Tata Motors,509.75,529.412264225481,ARIMA
2025-06-20,TATAMOTORS.NS,Tata Motors,509.75,508.942639725472,ARIMA
2025-06-23,TATAMOTORS.NS,Tata Motors,523.21,511.3549668739205,ARIMA
2025-06-24,TATAMOTORS.NS,Tata Motors,529.11,522.5757281063943,ARIMA
2025-06-25,TATAMOTORS.NS,Tata Motors,530.79,530.7504017760206,ARIMA
2025-06-26,TATAMOTORS.NS,Tata Motors,518.48,531.7846209382043,ARIMA
2025-06-27,TATAMOTORS.NS,Tata Motors,513.11,519.6789475868131,ARIMA
2025-06-30,TATAMOTORS.NS,Tata Motors,508.65,512.0354824357939,ARIMA
2025-01-07,ICICIBANK.NS,ICICI Bank,1013.6,1045.5,ARIMA
2025-01-08,ICICIBANK.NS,ICICI Bank,1056.1,1013.6,ARIMA
2025-01-09,ICICIBANK.NS,ICICI Bank,1009.06,1056.1,ARIMA
2025-01-10,ICICIBANK.NS,ICICI Bank,1007.25,1009.06,ARIMA
2025-01-13,ICICIBANK.NS,ICICI Bank,1023.05,1007.25,ARIMA
2025-01-14,ICICIBANK.NS,ICICI Bank,1048.43,1023.05,ARIMA
2025-01-15,ICICIBANK.NS,ICICI Bank,1034.58,1048.43,ARIMA
2025-01-16,ICICIBANK.NS,ICICI Bank,1048.98,1034.58,ARIMA
2025-01-17,ICICIBANK.NS,ICICI Bank,1062.67,1048.98,ARIMA
2025-01-20,ICICIBANK.NS,ICICI Bank,1065.54,1062.67,ARIMA
2025-01-21,ICICIBANK.NS,ICICI Bank,1047.62,1065.54,ARIMA
2025-01-22,ICICIBANK.NS,ICICI Bank,1040.47,1047.62,ARIMA
2025-01-23,ICICIBANK.NS,ICICI Bank,1033.53,1040.47,ARIMA
2025-01-24,ICICIBANK.NS,ICICI Bank,1052.28,1033.53,ARIMA
2025-01-27,ICICIBANK.NS,ICICI Bank,1064.48,1052.28,ARIMA
2025-01-28,ICICIBANK.NS,ICICI Bank,1041.68,1064.48,ARIMA
2025-01-29,ICICIBANK.NS,ICICI Bank,1041.68,1041.68,ARIMA
2025-01-30,ICICIBANK.NS,ICICI Bank,1054.16,1041.68,ARIMA
2025-01-31,ICICIBANK.NS,ICICI Bank,1064.83,1054.16,ARIMA
2025-02-03,ICICIBANK.NS,ICICI Bank,1113.6,1064.83,ARIMA
2025-02-04,ICICIBANK.NS,ICICI Bank,1106.04,1113.6,ARIMA
2025-02-05,ICICIBANK.NS,ICICI Bank,1090.29,1106.04,ARIMA
2025-02-06,ICICIBANK.NS,ICICI Bank,1099.22,1090.29,ARIMA
2025-02-07,ICICIBANK.NS,ICICI Bank,1083.62,1099.22,ARIMA
2025-02-10,ICICIBANK.NS,ICICI Bank,1093.02,1083.62,ARIMA
2025-02-11,ICICIBANK.NS,ICICI Bank,1094.44,1093.02,ARIMA
2025-02-12,ICICIBANK.NS,ICICI Bank,1127.31,1094.44,ARIMA
2025-02-13,ICICIBANK.NS,ICICI Bank,1145.93,1127.31,ARIMA
2025-02-14,ICICIBANK.NS,ICICI Bank,1155.24,1145.93,ARIMA
2025-02-17,ICICIBANK.NS,ICICI Bank,1162.22,1155.24,ARIMA
2025-02-18,ICICIBANK.NS,ICICI Bank,1164.02,1162.22,ARIMA
2025-02-19,ICICIBANK.NS,ICICI Bank,1166.39,1164.02,ARIMA
2025-02-20,ICICIBANK.NS,ICICI Bank,1159.06,1166.39,ARIMA
2025-02-21,ICICIBANK.NS,ICICI Bank,1144.88,1159.06,ARIMA
2025-02-24,ICICIBANK.NS,ICICI Bank,1149.66,1144.88,ARIMA
2025-02-25,ICICIBANK.NS,ICICI Bank,1140.08,1149.66,ARIMA
2025-02-26,ICICIBANK.NS,ICICI Bank,1172.88,1140.08,ARIMA
2025-02-27,ICICIBANK.NS,ICICI Bank,1222.66,1172.88,ARIMA
2025-02-28,ICICIBANK.NS,ICICI Bank,1258.64,1222.66,ARIMA
2025-03-03,ICICIBANK.NS,ICICI Bank,1272.65,1258.64,ARIMA
2025-03-04,ICICIBANK.NS,ICICI Bank,1236.85,1272.65,ARIMA
2025-03-05,ICICIBANK.NS,ICICI Bank,1236.85,1236.85,ARIMA
2025-03-06,ICICIBANK.NS,ICICI Bank,1249.59,1236.85,ARIMA
2025-03-07,ICICIBANK.NS,ICICI Bank,1233.76,1249.59,ARIMA
2025-03-10,ICICIBANK.NS,ICICI Bank,1222.39,1233.76,ARIMA
2025-03-11,ICICIBANK.NS,ICICI Bank,1205.03,1222.39,ARIMA
2025-03-12,ICICIBANK.NS,ICICI Bank,1195.83,1205.03,ARIMA
2025-03-13,ICICIBANK.NS,ICICI Bank,1180.26,1195.83,ARIMA
2025-03-14,ICICIBANK.NS,ICICI Bank,1178.07,1180.26,ARIMA
2025-03-17,ICICIBANK.NS,ICICI Bank,1142.51,1178.07,ARIMA
2025-03-18,ICICIBANK.NS,ICICI Bank,1172.15,1142.51,ARIMA
2025-03-19,ICICIBANK.NS,ICICI Bank,1151.82,1172.15,ARIMA
2025-03-20,ICICIBANK.NS,ICICI Bank,1132.62,1151.82,ARIMA
2025-03-21,ICICIBANK.NS,ICICI Bank,1109.17,1132.62,ARIMA
2025-03-24,ICICIBANK.NS,ICICI Bank,1118.66,1109.17,ARIMA
2025-03-25,ICICIBANK.NS,ICICI Bank,1104.02,1118.66,ARIMA
2025-03-26,ICICIBANK.NS,ICICI Bank,1068.82,1104.02,ARIMA
2025-03-27,ICICIBANK.NS,ICICI Bank,1064.62,1068.82,ARIMA
2025-03-28,ICICIBANK.NS,ICICI Bank,1051.56,1064.62,ARIMA
2025-03-31,ICICIBANK.NS,ICICI Bank,1048.18,1051.56,ARIMA
2025-04-01,ICICIBANK.NS,ICICI Bank,1051.89,1048.18,ARIMA
2025-04-02,ICICIBANK.NS,ICICI Bank,1042.38,1051.89,ARIMA
2025-04-03,ICICIBANK.NS,ICICI Bank,1054.31,1042.38,ARIMA
2025-04-04,ICICIBANK.NS,ICICI Bank,1075.87,1054.31,ARIMA
2025-04-07,ICICIBANK.NS,ICICI Bank,1078.82,1075.87,ARIMA
2025-04-08,ICICIBANK.NS,ICICI Bank,1086.06,1078.82,ARIMA
2025-04-09,ICICIBANK.NS,ICICI Bank,1072.45,1086.06,ARIMA
2025-04-10,ICICIBANK.NS,ICICI Bank,1085.6,1072.45,ARIMA
2025-04-11,ICICIBANK.NS,ICICI Bank,1074.69,1085.6,ARIMA
2025-04-14,ICICIBANK.NS,ICICI Bank,1072.9,1074.69,ARIMA
2025-04-15,ICICIBANK.NS,ICICI Bank,1115.04,1072.9,ARIMA
2025-04-16,ICICIBANK.NS,ICICI Bank,1165.25,1115.04,ARIMA
2025-04-17,ICICIBANK.NS,ICICI Bank,1165.25,1165.25,ARIMA
2025-04-18,ICICIBANK.NS,ICICI Bank,1168.44,1165.25,ARIMA
2025-04-21,ICICIBANK.NS,ICICI Bank,1186.2,1168.44,ARIMA
2025-04-22,ICICIBANK.NS,ICICI Bank,1164.03,1186.2,ARIMA
2025-04-23,ICICIBANK.NS,ICICI Bank,1176.17,1164.03,ARIMA
2025-04-24,ICICIBANK.NS,ICICI Bank,1180.38,1176.17,ARIMA
2025-04-25,ICICIBANK.NS,ICICI Bank,1194.02,1180.38,ARIMA
2025-04-28,ICICIBANK.NS,ICICI Bank,1196.54,1194.02,ARIMA
2025-04-29,ICICIBANK.NS,ICICI Bank,1176.96,1196.54,ARIMA
2025-04-30,ICICIBANK.NS,ICICI Bank,1173.87,1176.96,ARIMA
2025-05-01,ICICIBANK.NS,ICICI Bank,1162.63,1173.87,ARIMA
2025-05-02,ICICIBANK.NS,ICICI Bank,1185.9,1162.63,ARIMA
2025-05-05,ICICIBANK.NS,ICICI Bank,1184.11,1185.9,ARIMA
2025-05-06,ICICIBANK.NS,ICICI Bank,1212.88,1184.11,ARIMA
2025-05-07,ICICIBANK.NS,ICICI Bank,1209.38,1212.88,ARIMA
2025-05-08,ICICIBANK.NS,ICICI Bank,1196.44,1209.38,ARIMA
2025-05-09,ICICIBANK.NS,ICICI Bank,1178.79,1196.44,ARIMA
2025-05-12,ICICIBANK.NS,ICICI Bank,1167.45,1178.79,ARIMA
2025-05-13,ICICIBANK.NS,ICICI Bank,1178.76,1167.45,ARIMA
2025-05-14,ICICIBANK.NS,ICICI Bank,1153.98,1178.76,ARIMA
2025-05-15,ICICIBANK.NS,ICICI Bank,1187.06,1153.98,ARIMA
2025-05-16,ICICIBANK.NS,ICICI Bank,1168.84,1187.06,ARIMA
2025-05-19,ICICIBANK.NS,ICICI Bank,1167.34,1168.84,ARIMA
2025-05-20,ICICIBANK.NS,ICICI Bank,1151.09,1167.34,ARIMA
2025-05-21,ICICIBANK.NS,ICICI Bank,1157.49,1151.09,ARIMA
2025-05-22,ICICIBANK.NS,ICICI Bank,1163.15,1157.49,ARIMA
2025-05-23,ICICIBANK.NS,ICICI Bank,1190.05,1163.15,ARIMA
2025-05-26,ICICIBANK.NS,ICICI Bank,1168.32,1190.05,ARIMA
2025-05-27,ICICIBANK.NS,ICICI Bank,1168.32,1168.32,ARIMA
2025-05-28,ICICIBANK.NS,ICICI Bank,1188.77,1168.32,ARIMA
2025-05-29,ICICIBANK.NS,ICICI Bank,1185.79,1188.77,ARIMA
2025-05-30,ICICIBANK.NS,ICICI Bank,1169.58,1185.79,ARIMA
2025-06-02,ICICIBANK.NS,ICICI Bank,1169.58,1169.58,ARIMA
2025-06-03,ICICIBANK.NS,ICICI Bank,1178.47,1169.58,ARIMA
2025-06-04,ICICIBANK.NS,ICICI Bank,1162.76,1178.47,ARIMA
2025-06-05,ICICIBANK.NS,ICICI Bank,1174.55,1162.76,ARIMA
2025-06-06,ICICIBANK.NS,ICICI Bank,1153.12,1174.55,ARIMA
2025-06-09,ICICIBANK.NS,ICICI Bank,1163.09,1153.12,ARIMA
2025-06-10,ICICIBANK.NS,ICICI Bank,1148.91,1163.09,ARIMA
2025-06-11,ICICIBANK.NS,ICICI Bank,1180.47,1148.91,ARIMA
2025-06-12,ICICIBANK.NS,ICICI Bank,1197.59,1180.47,ARIMA
2025-06-13,ICICIBANK.NS,ICICI Bank,1173.19,1197.59,ARIMA
2025-06-16,ICICIBANK.NS,ICICI Bank,1170.4,1173.19,ARIMA
2025-06-17,ICICIBANK.NS,ICICI Bank,1138.32,1170.4,ARIMA
2025-06-18,ICICIBANK.NS,ICICI Bank,1143.09,1138.32,ARIMA
2025-06-19,ICICIBANK.NS,ICICI Bank,1131.0,1143.09,ARIMA
2025-06-20,ICICIBANK.NS,ICICI Bank,1131.0,1131.0,ARIMA
2025-06-23,ICICIBANK.NS,ICICI Bank,1097.26,1131.0,ARIMA
2025-06-24,ICICIBANK.NS,ICICI Bank,1077.75,1097.26,ARIMA
2025-06-25,ICICIBANK.NS,ICICI Bank,1040.91,1077.75,ARIMA
2025-06-26,ICICIBANK.NS,ICICI Bank,1072.4,1040.91,ARIMA
2025-06-27,ICICIBANK.NS,ICICI Bank,1045.01,1072.4,ARIMA
2025-06-30,ICICIBANK.NS,ICICI Bank,1052.04,1045.01,ARIMA
2025-01-07,INFY.NS,Infosys,2585.49,2665.86772600796,ARIMA
2025-01-08,INFY.NS,Infosys,2617.05,2584.361448375244,ARIMA
2025-01-09,INFY.NS,Infosys,2637.64,2621.097502663744,ARIMA
2025-01-10,INFY.NS,Infosys,2616.17,2632.805421339442,ARIMA
2025-01-13,INFY.NS,Infosys,2612.87,2620.254361215632,ARIMA
2025-01-14,INFY.NS,Infosys,2606.3,2609.440908707204,ARIMA
2025-01-15,INFY.NS,Infosys,2628.22,2608.0270410715516,ARIMA
2025-01-16,INFY.NS,Infosys,2700.96,2627.3631178755713,ARIMA
2025-01-17,INFY.NS,Infosys,2796.21,2698.534466950102,ARIMA
2025-01-20,INFY.NS,Infosys,2813.03,2794.605924527909,ARIMA
2025-01-21,INFY.NS,Infosys,2805.18,2818.0474497940772,ARIMA
2025-01-22,INFY.NS,Infosys,2769.36,2806.7928434870823,ARIMA
2025-01-23,INFY.NS,Infosys,2747.85,2766.5448422074296,ARIMA
2025-01-24,INFY.NS,Infosys,2763.86,2752.2520502435477,ARIMA
2025-01-27,INFY.NS,Infosys,2776.95,2766.7964147920493,ARIMA
2025-01-28,INFY.NS,Infosys,2701.32,2770.5545813173726,ARIMA
2025-01-29,INFY.NS,Infosys,2701.32,2701.4360615318633,ARIMA
2025-01-30,INFY.NS,Infosys,2692.75,2702.4767477527544,ARIMA
2025-01-31,INFY.NS,Infosys,2679.81,2690.3235563924513,ARIMA
2025-02-03,INFY.NS,Infosys,2741.01,2680.094754825183,ARIMA
2025-02-04,INFY.NS,Infosys,2757.91,2743.180369011091,ARIMA
2025-02-05,INFY.NS,Infosys,2751.92,2757.0697817057635,ARIMA
2025-02-06,INFY.NS,Infosys,2720.33,2751.6524974529952,ARIMA
2025-02-07,INFY.NS,Infosys,2718.33,2719.328628780013,ARIMA
2025-02-10,INFY.NS,Infosys,2761.3,2716.253066831011,ARIMA
2025-02-11,INFY.NS,Infosys,2746.44,2761.4719204155595,ARIMA
2025-02-12,INFY.NS,Infosys,2755.6,2748.5158544248975,ARIMA
2025-02-13,INFY.NS,Infosys,2785.89,2754.19782787506,ARIMA
2025-02-14,INFY.NS,Infosys,2787.96,2784.7105989467323,ARIMA
2025-02-17,INFY.NS,Infosys,2797.67,2790.1489717351287,ARIMA
2025-02-18,INFY.NS,Infosys,2853.74,2796.873957309351,ARIMA
2025-02-19,INFY.NS,Infosys,2844.06,2854.5810195689896,ARIMA
2025-02-20,INFY.NS,Infosys,2908.06,2844.590709749072,ARIMA
2025-02-21,INFY.NS,Infosys,2838.7,2908.947469023156,ARIMA
2025-02-24,INFY.NS,Infosys,2895.36,2841.5414173752683,ARIMA
2025-02-25,INFY.NS,Infosys,2807.26,2894.6468298625773,ARIMA
2025-02-26,INFY.NS,Infosys,2896.69,2809.404246450764,ARIMA
2025-02-27,INFY.NS,Infosys,2994.46,2899.1548918229073,ARIMA
2025-02-28,INFY.NS,Infosys,2932.61,2998.113712165981,ARIMA
2025-03-03,INFY.NS,Infosys,2973.38,2931.328926770771,ARIMA
2025-03-04,INFY.NS,Infosys,2940.75,2965.597482900135,ARIMA
2025-03-05,INFY.NS,Infosys,2940.75,2941.5455159450526,ARIMA
2025-03-06,INFY.NS,Infosys,2925.96,2946.428381147658,ARIMA
2025-03-07,INFY.NS,Infosys,2869.9,2927.583875586676,ARIMA
2025-03-10,INFY.NS,Infosys,2850.54,2883.1537446597845,ARIMA
2025-03-11,INFY.NS,Infosys,2835.55,2844.399573745349,ARIMA
2025-03-12,INFY.NS,Infosys,2839.22,2835.5180367610706,ARIMA
2025-03-13,INFY.NS,Infosys,2796.35,2841.5202939093447,ARIMA
2025-03-14,INFY.NS,Infosys,2757.84,2796.420975271159,ARIMA
2025-03-17,INFY.NS,Infosys,2716.99,2763.7526230875005,ARIMA
2025-03-18,INFY.NS,Infosys,2807.23,2713.703796178954,ARIMA
2025-03-19,INFY.NS,Infosys,2702.44,2806.377815045781,ARIMA
2025-03-20,INFY.NS,Infosys,2657.99,2710.5954583715625,ARIMA
2025-03-21,INFY.NS,Infosys,2605.9,2657.8279542872656,ARIMA
2025-03-24,INFY.NS,Infosys,2563.07,2598.382568841847,ARIMA
2025-03-25,INFY.NS,Infosys,2530.65,2570.696014744763,ARIMA
2025-03-26,INFY.NS,Infosys,2497.41,2533.5553744852086,ARIMA
2025-03-27,INFY.NS,Infosys,2516.23,2498.7585273199397,ARIMA
2025-03-28,INFY.NS,Infosys,2518.36,2516.2825349855984,ARIMA
2025-03-31,INFY.NS,Infosys,2510.73,2515.855750036312,ARIMA
2025-04-01,INFY.NS,Infosys,2507.98,2514.8369176998076,ARIMA
2025-04-02,INFY.NS,Infosys,2536.61,2504.8069344948167,ARIMA
2025-04-03,INFY.NS,Infosys,2588.85,2536.684777022601,ARIMA
2025-04-04,INFY.NS,Infosys,2601.4,2589.8267876449722,ARIMA
2025-04-07,INFY.NS,Infosys,2667.27,2602.0635401750615,ARIMA
2025-04-08,INFY.NS,Infosys,2713.63,2666.577419284121,ARIMA
2025-04-09,INFY.NS,Infosys,2645.07,2714.9507590371118,ARIMA
2025-04-10,INFY.NS,Infosys,2658.57,2650.4527285961262,ARIMA
2025-04-11,INFY.NS,Infosys,2632.83,2653.2803116202836,ARIMA
2025-04-14,INFY.NS,Infosys,2656.2,2632.759819323638,ARIMA
2025-04-15,INFY.NS,Infosys,2735.83,2658.9189212324977,ARIMA
2025-04-16,INFY.NS,Infosys,2789.32,2729.871306596546,ARIMA
2025-04-17,INFY.NS,Infosys,2789.32,2796.5135009004284,ARIMA
2025-04-18,INFY.NS,Infosys,2758.47,2789.2382879645816,ARIMA
2025-04-21,INFY.NS,Infosys,2812.12,2759.578770673918,ARIMA
2025-04-22,INFY.NS,Infosys,2884.75,2809.647714567983,ARIMA
2025-04-23,INFY.NS,Infosys,2848.8,2873.597313472765,ARIMA
2025-04-24,INFY.NS,Infosys,2859.52,2857.214470501609,ARIMA
2025-04-25,INFY.NS,Infosys,2839.08,2858.829705186574,ARIMA
2025-04-28,INFY.NS,Infosys,2833.96,2831.699397971459,ARIMA
2025-04-29,INFY.NS,Infosys,2792.45,2846.310834375054,ARIMA
2025-04-30,INFY.NS,Infosys,2733.41,2780.938567978871,ARIMA
2025-05-01,INFY.NS,Infosys,2711.37,2740.161307432869,ARIMA
2025-05-02,INFY.NS,Infosys,2795.11,2711.8490093963537,ARIMA
2025-05-05,INFY.NS,Infosys,2783.72,2785.8097885762504,ARIMA
2025-05-06,INFY.NS,Infosys,2829.4,2796.601706765638,ARIMA
2025-05-07,INFY.NS,Infosys,2815.49,2819.9041878964463,ARIMA
2025-05-08,INFY.NS,Infosys,2824.98,2817.4786759051644,ARIMA
2025-05-09,INFY.NS,Infosys,2771.8,2832.0209563233498,ARIMA
2025-05-12,INFY.NS,Infosys,2761.63,2758.7219462720363,ARIMA
2025-05-13,INFY.NS,Infosys,2826.08,2775.0801366668707,ARIMA
2025-05-14,INFY.NS,Infosys,2793.65,2815.9741044368525,ARIMA
2025-05-15,INFY.NS,Infosys,2783.95,2795.9762487344096,ARIMA
2025-05-16,INFY.NS,Infosys,2735.82,2791.1127696857375,ARIMA
2025-05-19,INFY.NS,Infosys,2725.17,2721.7862365527963,ARIMA
2025-05-20,INFY.NS,Infosys,2718.6,2738.5385925907763,ARIMA
2025-05-21,INFY.NS,Infosys,2669.18,2709.91579062214,ARIMA
2025-05-22,INFY.NS,Infosys,2737.37,2670.0942171637907,ARIMA
2025-05-23,INFY.NS,Infosys,2720.8,2742.3785846583046,ARIMA
2025-05-26,INFY.NS,Infosys,2724.8,2710.3430614621143,ARIMA
2025-05-27,INFY.NS,Infosys,2724.8,2737.3603682759644,ARIMA
2025-05-28,INFY.NS,Infosys,2750.22,2715.343480997646,ARIMA
2025-05-29,INFY.NS,Infosys,2763.76,2751.319100751279,ARIMA
2025-05-30,INFY.NS,Infosys,2723.45,2769.7882560575295,ARIMA
2025-06-02,INFY.NS,Infosys,2723.45,2728.2896480822806,ARIMA
2025-06-03,INFY.NS,Infosys,2702.18,2719.6987228655425,ARIMA
2025-06-04,INFY.NS,Infosys,2719.8,2702.8239302729007,ARIMA
2025-06-05,INFY.NS,Infosys,2728.16,2720.234643454898,ARIMA
2025-06-06,INFY.NS,Infosys,2710.77,2726.054995668292,ARIMA
2025-06-09,INFY.NS,Infosys,2708.96,2714.5999252148263,ARIMA
2025-06-10,INFY.NS,Infosys,2678.67,2705.4397380404102,ARIMA
2025-06-11,INFY.NS,Infosys,2752.69,2680.78708404857,ARIMA
2025-06-12,INFY.NS,Infosys,2699.1,2749.8814929356527,ARIMA
2025-06-13,INFY.NS,Infosys,2645.79,2701.806878795389,ARIMA
2025-06-16,INFY.NS,Infosys,2642.44,2648.9570584982735,ARIMA
2025-06-17,INFY.NS,Infosys,2537.87,2634.494484348938,ARIMA
2025-06-18,INFY.NS,Infosys,2564.36,2546.630617893531,ARIMA
2025-06-19,INFY.NS,Infosys,2575.31,2555.8479464531224,ARIMA
2025-06-20,INFY.NS,Infosys,2575.31,2575.017903187086,ARIMA
2025-06-23,INFY.NS,Infosys,2540.87,2581.5387466092975,ARIMA
2025-06-24,INFY.NS,Infosys,2489.5,2534.849229033084,ARIMA
2025-06-25,INFY.NS,Infosys,2433.17,2495.589237658282,ARIMA
2025-06-26,INFY.NS,Infosys,2448.96,2427.121621593417,ARIMA
2025-06-27,INFY.NS,Infosys,2410.68,2449.5047719265826,ARIMA
2025-06-30,INFY.NS,Infosys,2388.8,2410.7817147658884,ARIMA
2025-01-07,MARUTI.NS,Maruti,10748.71,11078.1,ARIMA
2025-01-08,MARUTI.NS,Maruti,11132.19,10748.71,ARIMA
2025-01-09,MARUTI.NS,Maruti,10970.28,11132.19,ARIMA
2025-01-10,MARUTI.NS,Maruti,11081.57,10970.28,ARIMA
2025-01-13,MARUTI.NS,Maruti,11296.74,11081.57,ARIMA
2025-01-14,MARUTI.NS,Maruti,11369.49,11296.74,ARIMA
2025-01-15,MARUTI.NS,Maruti,11196.76,11369.49,ARIMA
2025-01-16,MARUTI.NS,Maruti,11336.03,11196.76,ARIMA
2025-01-17,MARUTI.NS,Maruti,11542.07,11336.03,ARIMA
2025-01-20,MARUTI.NS,Maruti,11877.79,11542.07,ARIMA
2025-01-21,MARUTI.NS,Maruti,12101.38,11877.79,ARIMA
2025-01-22,MARUTI.NS,Maruti,12038.17,12101.38,ARIMA
2025-01-23,MARUTI.NS,Maruti,11632.63,12038.17,ARIMA
2025-01-24,MARUTI.NS,Maruti,11568.81,11632.63,ARIMA
2025-01-27,MARUTI.NS,Maruti,11382.13,11568.81,ARIMA
2025-01-28,MARUTI.NS,Maruti,11134.43,11382.13,ARIMA
2025-01-29,MARUTI.NS,Maruti,11134.43,11134.43,ARIMA
2025-01-30,MARUTI.NS,Maruti,11344.6,11134.43,ARIMA
2025-01-31,MARUTI.NS,Maruti,11407.24,11344.6,ARIMA
2025-02-03,MARUTI.NS,Maruti,11572.74,11407.24,ARIMA
2025-02-04,MARUTI.NS,Maruti,11578.75,11572.74,ARIMA
2025-02-05,MARUTI.NS,Maruti,11449.26,11578.75,ARIMA
2025-02-06,MARUTI.NS,Maruti,11439.02,11449.26,ARIMA
2025-02-07,MARUTI.NS,Maruti,11501.22,11439.02,ARIMA
2025-02-10,MARUTI.NS,Maruti,11535.52,11501.22,ARIMA
2025-02-11,MARUTI.NS,Maruti,11657.22,11535.52,ARIMA
2025-02-12,MARUTI.NS,Maruti,11954.67,11657.22,ARIMA
2025-02-13,MARUTI.NS,Maruti,12242.13,11954.67,ARIMA
2025-02-14,MARUTI.NS,Maruti,12151.72,12242.13,ARIMA
2025-02-17,MARUTI.NS,Maruti,12130.8,12151.72,ARIMA
2025-02-18,MARUTI.NS,Maruti,12334.64,12130.8,ARIMA
2025-02-19,MARUTI.NS,Maruti,12063.92,12334.64,ARIMA
2025-02-20,MARUTI.NS,Maruti,12116.6,12063.92,ARIMA
2025-02-21,MARUTI.NS,Maruti,11847.54,12116.6,ARIMA
2025-02-24,MARUTI.NS,Maruti,11931.37,11847.54,ARIMA
2025-02-25,MARUTI.NS,Maruti,11825.07,11931.37,ARIMA
2025-02-26,MARUTI.NS,Maruti,12300.94,11825.07,ARIMA
2025-02-27,MARUTI.NS,Maruti,12858.2,12300.94,ARIMA
2025-02-28,MARUTI.NS,Maruti,12918.76,12858.2,ARIMA
2025-03-03,MARUTI.NS,Maruti,12944.7,12918.76,ARIMA
2025-03-04,MARUTI.NS,Maruti,12716.97,12944.7,ARIMA
2025-03-05,MARUTI.NS,Maruti,12716.97,12716.97,ARIMA
2025-03-06,MARUTI.NS,Maruti,12850.65,12716.97,ARIMA
2025-03-07,MARUTI.NS,Maruti,12879.29,12850.65,ARIMA
2025-03-10,MARUTI.NS,Maruti,12976.21,12879.29,ARIMA
2025-03-11,MARUTI.NS,Maruti,12934.93,12976.21,ARIMA
2025-03-12,MARUTI.NS,Maruti,12877.54,12934.93,ARIMA
2025-03-13,MARUTI.NS,Maruti,12782.72,12877.54,ARIMA
2025-03-14,MARUTI.NS,Maruti,12959.56,12782.72,ARIMA
2025-03-17,MARUTI.NS,Maruti,12827.55,12959.56,ARIMA
2025-03-18,MARUTI.NS,Maruti,13272.09,12827.55,ARIMA
2025-03-19,MARUTI.NS,Maruti,12852.19,13272.09,ARIMA
2025-03-20,MARUTI.NS,Maruti,12467.66,12852.19,ARIMA
2025-03-21,MARUTI.NS,Maruti,12251.59,12467.66,ARIMA
2025-03-24,MARUTI.NS,Maruti,12486.95,12251.59,ARIMA
2025-03-25,MARUTI.NS,Maruti,11997.5,12486.95,ARIMA
2025-03-26,MARUTI.NS,Maruti,12090.82,11997.5,ARIMA
2025-03-27,MARUTI.NS,Maruti,11375.88,12090.82,ARIMA
2025-03-28,MARUTI.NS,Maruti,11137.59,11375.879999999997,ARIMA
2025-03-31,MARUTI.NS,Maruti,10775.15,11137.59,ARIMA
2025-04-01,MARUTI.NS,Maruti,11006.78,10775.15,ARIMA
2025-04-02,MARUTI.NS,Maruti,11163.66,11006.78,ARIMA
2025-04-03,MARUTI.NS,Maruti,11768.74,11163.66,ARIMA
2025-04-04,MARUTI.NS,Maruti,11960.85,11768.74,ARIMA
2025-04-07,MARUTI.NS,Maruti,11618.52,11960.85,ARIMA
2025-04-08,MARUTI.NS,Maruti,11839.51,11618.52,ARIMA
2025-04-09,MARUTI.NS,Maruti,11652.44,11839.51,ARIMA
2025-04-10,MARUTI.NS,Maruti,12145.73,11652.44,ARIMA
2025-04-11,MARUTI.NS,Maruti,12002.14,12145.73,ARIMA
2025-04-14,MARUTI.NS,Maruti,11657.43,12002.14,ARIMA
2025-04-15,MARUTI.NS,Maruti,12137.27,11657.43,ARIMA
2025-04-16,MARUTI.NS,Maruti,12236.33,12137.27,ARIMA
2025-04-17,MARUTI.NS,Maruti,12236.33,12236.33,ARIMA
2025-04-18,MARUTI.NS,Maruti,12253.9,12236.33,ARIMA
2025-04-21,MARUTI.NS,Maruti,12033.45,12253.9,ARIMA
2025-04-22,MARUTI.NS,Maruti,11861.73,12033.45,ARIMA
2025-04-23,MARUTI.NS,Maruti,11827.34,11861.73,ARIMA
2025-04-24,MARUTI.NS,Maruti,11734.81,11827.34,ARIMA
2025-04-25,MARUTI.NS,Maruti,11842.39,11734.81,ARIMA
2025-04-28,MARUTI.NS,Maruti,11599.74,11842.39,ARIMA
2025-04-29,MARUTI.NS,Maruti,11365.22,11599.74,ARIMA
2025-04-30,MARUTI.NS,Maruti,11406.75,11365.22,ARIMA
2025-05-01,MARUTI.NS,Maruti,11340.27,11406.75,ARIMA
2025-05-02,MARUTI.NS,Maruti,11398.37,11340.27,ARIMA
2025-05-05,MARUTI.NS,Maruti,11297.98,11398.37,ARIMA
2025-05-06,MARUTI.NS,Maruti,11379.61,11297.98,ARIMA
2025-05-07,MARUTI.NS,Maruti,11279.67,11379.61,ARIMA
2025-05-08,MARUTI.NS,Maruti,11261.77,11279.67,ARIMA
2025-05-09,MARUTI.NS,Maruti,11139.33,11261.77,ARIMA
2025-05-12,MARUTI.NS,Maruti,11003.96,11139.33,ARIMA
2025-05-13,MARUTI.NS,Maruti,11372.93,11003.96,ARIMA
2025-05-14,MARUTI.NS,Maruti,11294.61,11372.93,ARIMA
2025-05-15,MARUTI.NS,Maruti,11483.48,11294.61,ARIMA
2025-05-16,MARUTI.NS,Maruti,11383.76,11483.48,ARIMA
2025-05-19,MARUTI.NS,Maruti,11468.57,11383.76,ARIMA
2025-05-20,MARUTI.NS,Maruti,11394.58,11468.57,ARIMA
2025-05-21,MARUTI.NS,Maruti,11571.67,11394.58,ARIMA
2025-05-22,MARUTI.NS,Maruti,11536.2,11571.67,ARIMA
2025-05-23,MARUTI.NS,Maruti,11643.65,11536.2,ARIMA
2025-05-26,MARUTI.NS,Maruti,11781.77,11643.65,ARIMA
2025-05-27,MARUTI.NS,Maruti,11781.77,11781.77,ARIMA
2025-05-28,MARUTI.NS,Maruti,11899.02,11781.77,ARIMA
2025-05-29,MARUTI.NS,Maruti,11595.99,11899.02,ARIMA
2025-05-30,MARUTI.NS,Maruti,11726.54,11595.99,ARIMA
2025-06-02,MARUTI.NS,Maruti,11726.54,11726.54,ARIMA
2025-06-03,MARUTI.NS,Maruti,11854.69,11726.54,ARIMA
2025-06-04,MARUTI.NS,Maruti,11969.37,11854.69,ARIMA
2025-06-05,MARUTI.NS,Maruti,11918.16,11969.37,ARIMA
2025-06-06,MARUTI.NS,Maruti,12098.21,11918.16,ARIMA
2025-06-09,MARUTI.NS,Maruti,12237.87,12098.21,ARIMA
2025-06-10,MARUTI.NS,Maruti,11947.27,12237.87,ARIMA
2025-06-11,MARUTI.NS,Maruti,12279.33,11947.27,ARIMA
2025-06-12,MARUTI.NS,Maruti,12089.76,12279.33,ARIMA
2025-06-13,MARUTI.NS,Maruti,12033.92,12089.76,ARIMA
2025-06-16,MARUTI.NS,Maruti,12359.33,12033.92,ARIMA
2025-06-17,MARUTI.NS,Maruti,12043.86,12359.33,ARIMA
2025-06-18,MARUTI.NS,Maruti,12345.97,12043.86,ARIMA
2025-06-19,MARUTI.NS,Maruti,12299.78,12345.97,ARIMA
2025-06-20,MARUTI.NS,Maruti,12299.78,12299.78,ARIMA
2025-06-23,MARUTI.NS,Maruti,11979.2,12299.78,ARIMA
2025-06-24,MARUTI.NS,Maruti,11852.61,11979.2,ARIMA
2025-06-25,MARUTI.NS,Maruti,11162.14,11852.61,ARIMA
2025-06-26,MARUTI.NS,Maruti,11310.74,11162.14,ARIMA
2025-06-27,MARUTI.NS,Maruti,11251.94,11310.74,ARIMA
2025-06-30,MARUTI.NS,Maruti,11441.9,11251.94,ARIMA
2025-01-07,DRREDDY.NS,Dr Reddy's,5606.61,5846.11,ARIMA
2025-01-08,DRREDDY.NS,Dr Reddy's,5571.76,5606.61,ARIMA
2025-01-09,DRREDDY.NS,Dr Reddy's,5598.69,5571.76,ARIMA
2025-01-10,DRREDDY.NS,Dr Reddy's,5449.97,5598.69,ARIMA
2025-01-13,DRREDDY.NS,Dr Reddy's,5535.67,5449.97,ARIMA
2025-01-14,DRREDDY.NS,Dr Reddy's,5606.44,5535.67,ARIMA
2025-01-15,DRREDDY.NS,Dr Reddy's,5659.69,5606.44,ARIMA
2025-01-16,DRREDDY.NS,Dr Reddy's,5631.28,5659.69,ARIMA
2025-01-17,DRREDDY.NS,Dr Reddy's,5663.28,5631.28,ARIMA
2025-01-20,DRREDDY.NS,Dr Reddy's,5646.27,5663.28,ARIMA
2025-01-21,DRREDDY.NS,Dr Reddy's,5670.73,5646.27,ARIMA
2025-01-22,DRREDDY.NS,Dr Reddy's,5658.52,5670.73,ARIMA
2025-01-23,DRREDDY.NS,Dr Reddy's,5530.96,5658.52,ARIMA
2025-01-24,DRREDDY.NS,Dr Reddy's,5587.54,5530.96,ARIMA
2025-01-27,DRREDDY.NS,Dr Reddy's,5718.62,5587.54,ARIMA
2025-01-28,DRREDDY.NS,Dr Reddy's,5854.75,5718.62,ARIMA
2025-01-29,DRREDDY.NS,Dr Reddy's,5854.75,5854.75,ARIMA
2025-01-30,DRREDDY.NS,Dr Reddy's,5857.51,5854.75,ARIMA
2025-01-31,DRREDDY.NS,Dr Reddy's,5755.48,5857.51,ARIMA
2025-02-03,DRREDDY.NS,Dr Reddy's,5924.24,5755.48,ARIMA
2025-02-04,DRREDDY.NS,Dr Reddy's,5918.63,5924.24,ARIMA
2025-02-05,DRREDDY.NS,Dr Reddy's,5862.62,5918.63,ARIMA
2025-02-06,DRREDDY.NS,Dr Reddy's,5812.53,5862.62,ARIMA
2025-02-07,DRREDDY.NS,Dr Reddy's,5578.53,5812.53,ARIMA
2025-02-10,DRREDDY.NS,Dr Reddy's,5493.8,5578.530000000001,ARIMA
2025-02-11,DRREDDY.NS,Dr Reddy's,5503.18,5493.8,ARIMA
2025-02-12,DRREDDY.NS,Dr Reddy's,5659.77,5503.18,ARIMA
2025-02-13,DRREDDY.NS,Dr Reddy's,5645.83,5659.77,ARIMA
2025-02-14,DRREDDY.NS,Dr Reddy's,5730.15,5645.83,ARIMA
2025-02-17,DRREDDY.NS,Dr Reddy's,5731.12,5730.15,ARIMA
2025-02-18,DRREDDY.NS,Dr Reddy's,5776.58,5731.12,ARIMA
2025-02-19,DRREDDY.NS,Dr Reddy's,5708.33,5776.58,ARIMA
2025-02-20,DRREDDY.NS,Dr Reddy's,5686.1,5708.33,ARIMA
2025-02-21,DRREDDY.NS,Dr Reddy's,5614.69,5686.1,ARIMA
2025-02-24,DRREDDY.NS,Dr Reddy's,5680.14,5614.69,ARIMA
2025-02-25,DRREDDY.NS,Dr Reddy's,5646.53,5680.14,ARIMA
2025-02-26,DRREDDY.NS,Dr Reddy's,5788.83,5646.53,ARIMA
2025-02-27,DRREDDY.NS,Dr Reddy's,5917.81,5788.83,ARIMA
2025-02-28,DRREDDY.NS,Dr Reddy's,5882.59,5917.81,ARIMA
2025-03-03,DRREDDY.NS,Dr Reddy's,5843.53,5882.59,ARIMA
2025-03-04,DRREDDY.NS,Dr Reddy's,5997.19,5843.53,ARIMA
2025-03-05,DRREDDY.NS,Dr Reddy's,5997.19,5997.19,ARIMA
2025-03-06,DRREDDY.NS,Dr Reddy's,6116.07,5997.19,ARIMA
2025-03-07,DRREDDY.NS,Dr Reddy's,5975.8,6116.07,ARIMA
2025-03-10,DRREDDY.NS,Dr Reddy's,5990.59,5975.8,ARIMA
2025-03-11,DRREDDY.NS,Dr Reddy's,5924.24,5990.59,ARIMA
2025-03-12,DRREDDY.NS,Dr Reddy's,5916.5,5924.24,ARIMA
2025-03-13,DRREDDY.NS,Dr Reddy's,5876.05,5916.5,ARIMA
2025-03-14,DRREDDY.NS,Dr Reddy's,5826.26,5876.05,ARIMA
2025-03-17,DRREDDY.NS,Dr Reddy's,5676.09,5826.26,ARIMA
2025-03-18,DRREDDY.NS,Dr Reddy's,5722.66,5676.09,ARIMA
2025-03-19,DRREDDY.NS,Dr Reddy's,5456.92,5722.66,ARIMA
2025-03-20,DRREDDY.NS,Dr Reddy's,5381.58,5456.92,ARIMA
2025-03-21,DRREDDY.NS,Dr Reddy's,5340.62,5381.58,ARIMA
2025-03-24,DRREDDY.NS,Dr Reddy's,5520.62,5340.62,ARIMA
2025-03-25,DRREDDY.NS,Dr Reddy's,5525.9,5520.62,ARIMA
2025-03-26,DRREDDY.NS,Dr Reddy's,5526.3,5525.9,ARIMA
2025-03-27,DRREDDY.NS,Dr Reddy's,5635.46,5526.3,ARIMA
2025-03-28,DRREDDY.NS,Dr Reddy's,5407.82,5635.46,ARIMA
2025-03-31,DRREDDY.NS,Dr Reddy's,5358.66,5407.82,ARIMA
2025-04-01,DRREDDY.NS,Dr Reddy's,5451.98,5358.66,ARIMA
2025-04-02,DRREDDY.NS,Dr Reddy's,5679.41,5451.98,ARIMA
2025-04-03,DRREDDY.NS,Dr Reddy's,5653.18,5679.41,ARIMA
2025-04-04,DRREDDY.NS,Dr Reddy's,5670.05,5653.18,ARIMA
2025-04-07,DRREDDY.NS,Dr Reddy's,5831.49,5670.05,ARIMA
2025-04-08,DRREDDY.NS,Dr Reddy's,5880.76,5831.49,ARIMA
2025-04-09,DRREDDY.NS,Dr Reddy's,5707.65,5880.76,ARIMA
2025-04-10,DRREDDY.NS,Dr Reddy's,5674.02,5707.65,ARIMA
2025-04-11,DRREDDY.NS,Dr Reddy's,5728.82,5674.02,ARIMA
2025-04-14,DRREDDY.NS,Dr Reddy's,5703.88,5728.82,ARIMA
2025-04-15,DRREDDY.NS,Dr Reddy's,5806.77,5703.88,ARIMA
2025-04-16,DRREDDY.NS,Dr Reddy's,5856.19,5806.77,ARIMA
2025-04-17,DRREDDY.NS,Dr Reddy's,5856.19,5856.19,ARIMA
2025-04-18,DRREDDY.NS,Dr Reddy's,5705.43,5856.19,ARIMA
2025-04-21,DRREDDY.NS,Dr Reddy's,5757.24,5705.43,ARIMA
2025-04-22,DRREDDY.NS,Dr Reddy's,5592.17,5757.24,ARIMA
2025-04-23,DRREDDY.NS,Dr Reddy's,5401.38,5592.17,ARIMA
2025-04-24,DRREDDY.NS,Dr Reddy's,5392.93,5401.38,ARIMA
2025-04-25,DRREDDY.NS,Dr Reddy's,5542.84,5392.93,ARIMA
2025-04-28,DRREDDY.NS,Dr Reddy's,5434.12,5542.84,ARIMA
2025-04-29,DRREDDY.NS,Dr Reddy's,5266.9,5434.12,ARIMA
2025-04-30,DRREDDY.NS,Dr Reddy's,5261.93,5266.9,ARIMA
2025-05-01,DRREDDY.NS,Dr Reddy's,5175.84,5261.93,ARIMA
2025-05-02,DRREDDY.NS,Dr Reddy's,5278.05,5175.84,ARIMA
2025-05-05,DRREDDY.NS,Dr Reddy's,5244.12,5278.05,ARIMA
2025-05-06,DRREDDY.NS,Dr Reddy's,5319.53,5244.12,ARIMA
2025-05-07,DRREDDY.NS,Dr Reddy's,5209.51,5319.53,ARIMA
2025-05-08,DRREDDY.NS,Dr Reddy's,5333.92,5209.51,ARIMA
2025-05-09,DRREDDY.NS,Dr Reddy's,5300.84,5333.92,ARIMA
2025-05-12,DRREDDY.NS,Dr Reddy's,5330.35,5300.84,ARIMA
2025-05-13,DRREDDY.NS,Dr Reddy's,5454.55,5330.35,ARIMA
2025-05-14,DRREDDY.NS,Dr Reddy's,5223.79,5454.55,ARIMA
2025-05-15,DRREDDY.NS,Dr Reddy's,5373.41,5223.79,ARIMA
2025-05-16,DRREDDY.NS,Dr Reddy's,5334.38,5373.41,ARIMA
2025-05-19,DRREDDY.NS,Dr Reddy's,5273.31,5334.38,ARIMA
2025-05-20,DRREDDY.NS,Dr Reddy's,5311.61,5273.31,ARIMA
2025-05-21,DRREDDY.NS,Dr Reddy's,5372.54,5311.61,ARIMA
2025-05-22,DRREDDY.NS,Dr Reddy's,5454.99,5372.54,ARIMA
2025-05-23,DRREDDY.NS,Dr Reddy's,5532.68,5454.99,ARIMA
2025-05-26,DRREDDY.NS,Dr Reddy's,5628.04,5532.68,ARIMA
2025-05-27,DRREDDY.NS,Dr Reddy's,5628.04,5628.04,ARIMA
2025-05-28,DRREDDY.NS,Dr Reddy's,5725.49,5628.04,ARIMA
2025-05-29,DRREDDY.NS,Dr Reddy's,5666.91,5725.49,ARIMA
2025-05-30,DRREDDY.NS,Dr Reddy's,5618.42,5666.91,ARIMA
2025-06-02,DRREDDY.NS,Dr Reddy's,5618.42,5618.42,ARIMA
2025-06-03,DRREDDY.NS,Dr Reddy's,5725.07,5618.42,ARIMA
2025-06-04,DRREDDY.NS,Dr Reddy's,5777.18,5725.07,ARIMA
2025-06-05,DRREDDY.NS,Dr Reddy's,5826.63,5777.18,ARIMA
2025-06-06,DRREDDY.NS,Dr Reddy's,5765.53,5826.63,ARIMA
2025-06-09,DRREDDY.NS,Dr Reddy's,5937.36,5765.53,ARIMA
2025-06-10,DRREDDY.NS,Dr Reddy's,5797.41,5937.36,ARIMA
2025-06-11,DRREDDY.NS,Dr Reddy's,5940.88,5797.41,ARIMA
2025-06-12,DRREDDY.NS,Dr Reddy's,5870.82,5940.88,ARIMA
2025-06-13,DRREDDY.NS,Dr Reddy's,5834.63,5870.82,ARIMA
2025-06-16,DRREDDY.NS,Dr Reddy's,5780.85,5834.63,ARIMA
2025-06-17,DRREDDY.NS,Dr Reddy's,5790.67,5780.85,ARIMA
2025-06-18,DRREDDY.NS,Dr Reddy's,5903.6,5790.67,ARIMA
2025-06-19,DRREDDY.NS,Dr Reddy's,5976.85,5903.6,ARIMA
2025-06-20,DRREDDY.NS,Dr Reddy's,5976.85,5976.85,ARIMA
2025-06-23,DRREDDY.NS,Dr Reddy's,5826.41,5976.85,ARIMA
2025-06-24,DRREDDY.NS,Dr Reddy's,5810.1,5826.41,ARIMA
2025-06-25,DRREDDY.NS,Dr Reddy's,5812.39,5810.1,ARIMA
2025-06-26,DRREDDY.NS,Dr Reddy's,5791.9,5812.39,ARIMA
2025-06-27,DRREDDY.NS,Dr Reddy's,5806.3,5791.9,ARIMA
2025-06-30,DRREDDY.NS,Dr Reddy's,5961.73,5806.3,ARIMA
2025-01-07,HDFCBANK.NS,HDFC Bank,1628.43,1689.64,ARIMA
2025-01-08,HDFCBANK.NS,HDFC Bank,1649.94,1628.43,ARIMA
2025-01-09,HDFCBANK.NS,HDFC Bank,1662.31,1649.94,ARIMA
2025-01-10,HDFCBANK.NS,HDFC Bank,1686.19,1662.31,ARIMA
2025-01-13,HDFCBANK.NS,HDFC Bank,1728.4,1686.19,ARIMA
2025-01-14,HDFCBANK.NS,HDFC Bank,1732.39,1728.4,ARIMA
2025-01-15,HDFCBANK.NS,HDFC Bank,1716.48,1732.39,ARIMA
2025-01-16,HDFCBANK.NS,HDFC Bank,1741.83,1716.48,ARIMA
2025-01-17,HDFCBANK.NS,HDFC Bank,1782.45,1741.83,ARIMA
2025-01-20,HDFCBANK.NS,HDFC Bank,1816.34,1782.45,ARIMA
2025-01-21,HDFCBANK.NS,HDFC Bank,1795.81,1816.34,ARIMA
2025-01-22,HDFCBANK.NS,HDFC Bank,1791.2,1795.81,ARIMA
2025-01-23,HDFCBANK.NS,HDFC Bank,1751.64,1791.2,ARIMA
2025-01-24,HDFCBANK.NS,HDFC Bank,1756.83,1751.64,ARIMA
2025-01-27,HDFCBANK.NS,HDFC Bank,1705.62,1756.83,ARIMA
2025-01-28,HDFCBANK.NS,HDFC Bank,1684.8,1705.62,ARIMA
2025-01-29,HDFCBANK.NS,HDFC Bank,1684.8,1684.8,ARIMA
2025-01-30,HDFCBANK.NS,HDFC Bank,1714.98,1684.8,ARIMA
2025-01-31,HDFCBANK.NS,HDFC Bank,1702.82,1714.98,ARIMA
2025-02-03,HDFCBANK.NS,HDFC Bank,1754.88,1702.82,ARIMA
2025-02-04,HDFCBANK.NS,HDFC Bank,1757.54,1754.88,ARIMA
2025-02-05,HDFCBANK.NS,HDFC Bank,1742.25,1757.54,ARIMA
2025-02-06,HDFCBANK.NS,HDFC Bank,1727.33,1742.25,ARIMA
2025-02-07,HDFCBANK.NS,HDFC Bank,1729.26,1727.33,ARIMA
2025-02-10,HDFCBANK.NS,HDFC Bank,1742.98,1729.26,ARIMA
2025-02-11,HDFCBANK.NS,HDFC Bank,1756.54,1742.98,ARIMA
2025-02-12,HDFCBANK.NS,HDFC Bank,1776.46,1756.54,ARIMA
2025-02-13,HDFCBANK.NS,HDFC Bank,1800.82,1776.46,ARIMA
2025-02-14,HDFCBANK.NS,HDFC Bank,1810.58,1800.82,ARIMA
2025-02-17,HDFCBANK.NS,HDFC Bank,1819.36,1810.58,ARIMA
2025-02-18,HDFCBANK.NS,HDFC Bank,1823.38,1819.36,ARIMA
2025-02-19,HDFCBANK.NS,HDFC Bank,1817.49,1823.38,ARIMA
2025-02-20,HDFCBANK.NS,HDFC Bank,1796.19,1817.49,ARIMA
2025-02-21,HDFCBANK.NS,HDFC Bank,1784.9,1796.19,ARIMA
2025-02-24,HDFCBANK.NS,HDFC Bank,1788.62,1784.9,ARIMA
2025-02-25,HDFCBANK.NS,HDFC Bank,1790.38,1788.62,ARIMA
2025-02-26,HDFCBANK.NS,HDFC Bank,1833.21,1790.38,ARIMA
2025-02-27,HDFCBANK.NS,HDFC Bank,1910.18,1833.21,ARIMA
2025-02-28,HDFCBANK.NS,HDFC Bank,1943.93,1910.18,ARIMA
2025-03-03,HDFCBANK.NS,HDFC Bank,1936.74,1943.93,ARIMA
2025-03-04,HDFCBANK.NS,HDFC Bank,1921.13,1936.74,ARIMA
2025-03-05,HDFCBANK.NS,HDFC Bank,1921.13,1921.13,ARIMA
2025-03-06,HDFCBANK.NS,HDFC Bank,1931.83,1921.13,ARIMA
2025-03-07,HDFCBANK.NS,HDFC Bank,1907.04,1931.83,ARIMA
2025-03-10,HDFCBANK.NS,HDFC Bank,1920.43,1907.04,ARIMA
2025-03-11,HDFCBANK.NS,HDFC Bank,1907.39,1920.43,ARIMA
2025-03-12,HDFCBANK.NS,HDFC Bank,1929.75,1907.39,ARIMA
2025-03-13,HDFCBANK.NS,HDFC Bank,1929.38,1929.75,ARIMA
2025-03-14,HDFCBANK.NS,HDFC Bank,1906.39,1929.38,ARIMA
2025-03-17,HDFCBANK.NS,HDFC Bank,1838.92,1906.39,ARIMA
2025-03-18,HDFCBANK.NS,HDFC Bank,1853.54,1838.92,ARIMA
2025-03-19,HDFCBANK.NS,HDFC Bank,1819.42,1853.54,ARIMA
2025-03-20,HDFCBANK.NS,HDFC Bank,1756.97,1819.42,ARIMA
2025-03-21,HDFCBANK.NS,HDFC Bank,1719.88,1756.97,ARIMA
2025-03-24,HDFCBANK.NS,HDFC Bank,1759.12,1719.88,ARIMA
2025-03-25,HDFCBANK.NS,HDFC Bank,1730.42,1759.12,ARIMA
2025-03-26,HDFCBANK.NS,HDFC Bank,1718.32,1730.42,ARIMA
2025-03-27,HDFCBANK.NS,HDFC Bank,1716.17,1718.32,ARIMA
2025-03-28,HDFCBANK.NS,HDFC Bank,1705.33,1716.17,ARIMA
2025-03-31,HDFCBANK.NS,HDFC Bank,1726.07,1705.33,ARIMA
2025-04-01,HDFCBANK.NS,HDFC Bank,1728.2,1726.07,ARIMA
2025-04-02,HDFCBANK.NS,HDFC Bank,1746.53,1728.2,ARIMA
2025-04-03,HDFCBANK.NS,HDFC Bank,1747.09,1746.53,ARIMA
2025-04-04,HDFCBANK.NS,HDFC Bank,1752.11,1747.09,ARIMA
2025-04-07,HDFCBANK.NS,HDFC Bank,1756.22,1752.11,ARIMA
2025-04-08,HDFCBANK.NS,HDFC Bank,1793.31,1756.22,ARIMA
2025-04-09,HDFCBANK.NS,HDFC Bank,1754.96,1793.31,ARIMA
2025-04-10,HDFCBANK.NS,HDFC Bank,1800.88,1754.96,ARIMA
2025-04-11,HDFCBANK.NS,HDFC Bank,1765.3,1800.88,ARIMA
2025-04-14,HDFCBANK.NS,HDFC Bank,1767.05,1765.3,ARIMA
2025-04-15,HDFCBANK.NS,HDFC Bank,1809.85,1767.05,ARIMA
2025-04-16,HDFCBANK.NS,HDFC Bank,1839.36,1809.85,ARIMA
2025-04-17,HDFCBANK.NS,HDFC Bank,1839.36,1839.36,ARIMA
2025-04-18,HDFCBANK.NS,HDFC Bank,1850.56,1839.36,ARIMA
2025-04-21,HDFCBANK.NS,HDFC Bank,1860.08,1850.56,ARIMA
2025-04-22,HDFCBANK.NS,HDFC Bank,1851.77,1860.08,ARIMA
2025-04-23,HDFCBANK.NS,HDFC Bank,1835.71,1851.77,ARIMA
2025-04-24,HDFCBANK.NS,HDFC Bank,1822.61,1835.71,ARIMA
2025-04-25,HDFCBANK.NS,HDFC Bank,1822.57,1822.61,ARIMA
2025-04-28,HDFCBANK.NS,HDFC Bank,1802.71,1822.57,ARIMA
2025-04-29,HDFCBANK.NS,HDFC Bank,1792.87,1802.71,ARIMA
2025-04-30,HDFCBANK.NS,HDFC Bank,1805.85,1792.87,ARIMA
2025-05-01,HDFCBANK.NS,HDFC Bank,1792.15,1805.85,ARIMA
2025-05-02,HDFCBANK.NS,HDFC Bank,1801.94,1792.15,ARIMA
2025-05-05,HDFCBANK.NS,HDFC Bank,1795.82,1801.94,ARIMA
2025-05-06,HDFCBANK.NS,HDFC Bank,1800.03,1795.82,ARIMA
2025-05-07,HDFCBANK.NS,HDFC Bank,1792.08,1800.03,ARIMA
2025-05-08,HDFCBANK.NS,HDFC Bank,1782.28,1792.08,ARIMA
2025-05-09,HDFCBANK.NS,HDFC Bank,1776.79,1782.28,ARIMA
2025-05-12,HDFCBANK.NS,HDFC Bank,1757.06,1776.79,ARIMA
2025-05-13,HDFCBANK.NS,HDFC Bank,1822.94,1757.06,ARIMA
2025-05-14,HDFCBANK.NS,HDFC Bank,1767.56,1822.94,ARIMA
2025-05-15,HDFCBANK.NS,HDFC Bank,1782.46,1767.56,ARIMA
2025-05-16,HDFCBANK.NS,HDFC Bank,1773.25,1782.46,ARIMA
2025-05-19,HDFCBANK.NS,HDFC Bank,1798.24,1773.25,ARIMA
2025-05-20,HDFCBANK.NS,HDFC Bank,1775.06,1798.24,ARIMA
2025-05-21,HDFCBANK.NS,HDFC Bank,1791.42,1775.06,ARIMA
2025-05-22,HDFCBANK.NS,HDFC Bank,1845.59,1791.42,ARIMA
2025-05-23,HDFCBANK.NS,HDFC Bank,1855.43,1845.59,ARIMA
2025-05-26,HDFCBANK.NS,HDFC Bank,1858.3,1855.43,ARIMA
2025-05-27,HDFCBANK.NS,HDFC Bank,1858.3,1858.3,ARIMA
2025-05-28,HDFCBANK.NS,HDFC Bank,1893.17,1858.3,ARIMA
2025-05-29,HDFCBANK.NS,HDFC Bank,1894.98,1893.17,ARIMA
2025-05-30,HDFCBANK.NS,HDFC Bank,1873.73,1894.98,ARIMA
2025-06-02,HDFCBANK.NS,HDFC Bank,1873.73,1873.73,ARIMA
2025-06-03,HDFCBANK.NS,HDFC Bank,1852.65,1873.73,ARIMA
2025-06-04,HDFCBANK.NS,HDFC Bank,1849.16,1852.65,ARIMA
2025-06-05,HDFCBANK.NS,HDFC Bank,1864.93,1849.16,ARIMA
2025-06-06,HDFCBANK.NS,HDFC Bank,1822.28,1864.93,ARIMA
2025-06-09,HDFCBANK.NS,HDFC Bank,1820.6,1822.28,ARIMA
2025-06-10,HDFCBANK.NS,HDFC Bank,1797.43,1820.6,ARIMA
2025-06-11,HDFCBANK.NS,HDFC Bank,1851.79,1797.43,ARIMA
2025-06-12,HDFCBANK.NS,HDFC Bank,1901.85,1851.79,ARIMA
2025-06-13,HDFCBANK.NS,HDFC Bank,1895.3,1901.85,ARIMA
2025-06-16,HDFCBANK.NS,HDFC Bank,1933.53,1895.3,ARIMA
2025-06-17,HDFCBANK.NS,HDFC Bank,1872.88,1933.53,ARIMA
2025-06-18,HDFCBANK.NS,HDFC Bank,1900.6,1872.88,ARIMA
2025-06-19,HDFCBANK.NS,HDFC Bank,1908.18,1900.6,ARIMA
2025-06-20,HDFCBANK.NS,HDFC Bank,1908.18,1908.18,ARIMA
2025-06-23,HDFCBANK.NS,HDFC Bank,1857.8,1908.18,ARIMA
2025-06-24,HDFCBANK.NS,HDFC Bank,1844.89,1857.8,ARIMA
2025-06-25,HDFCBANK.NS,HDFC Bank,1780.08,1844.89,ARIMA
2025-06-26,HDFCBANK.NS,HDFC Bank,1821.86,1780.08,ARIMA
2025-06-27,HDFCBANK.NS,HDFC Bank,1792.61,1821.86,ARIMA
2025-06-30,HDFCBANK.NS,HDFC Bank,1793.66,1792.61,ARIMA
